time,accel_y,gyro_z,gyro_y,gyro_x,roll,pitch
0.0232177734,-0.128332877,-0.00350514613,0.00147444289,-0.00199837005,-0.0350753582,0.0750272641
0.0331647949,-0.0953421691,-0.000678394339,0.00132548576,0.0025364107,-0.0350694896,0.0750344734
0.0431113281,-0.0695353085,-0.00464037945,0.00263629388,-0.00250415457,-0.0350459387,0.0750415543
0.0530578613,-0.0433347724,-0.00458255503,0.00525546726,-0.00106470077,-0.0349953335,0.0750276751
0.0630048828,-0.00288987622,-0.00452343281,0.00116085727,0.000426136889,-0.0349527339,0.0750167442
0.0729521484,0.0429439465,-0.004049093,0.00122830924,-0.000630337745,-0.0349348601,0.075021313
0.0828989258,0.0819751034,-0.00406800117,0.000731097069,0.00115797494,-0.0349225917,0.0750341274
0.0928457031,0.118336164,-0.0041910219,0.000950314105,0.00319409417,-0.0349103171,0.075064656
0.102792969,0.106383349,-0.00501713483,0.00156816747,0.00472381385,-0.0348885455,0.0751124139
0.11273999,0.0195467043,-0.00245958101,0.00101866201,0.00165808329,-0.0348784616,0.075153538
0.122686768,-0.0520257361,-0.00260445708,0.000972056761,-0.00038482761,-0.0348748863,0.0751641652
0.132633789,-0.0649452773,-0.00284354435,0.00175771723,-0.000946471468,-0.0348594506,0.0751589767
0.142581055,-0.0410111518,-0.00120969501,0.00125597743,-0.00213610567,-0.0348376624,0.0751428753
0.152527832,0.0187903329,-0.00101344381,0.000782012008,-0.000317766564,-0.0348283325,0.0751373881
0.162474854,0.0324592312,-0.000374285271,-0.000171133317,-0.000916178804,-0.0348191493,0.0751273918
0.172421875,0.0181371297,-0.00115496281,0.000476946123,0.000374156516,-0.0348230559,0.0751164996
0.18236792,-0.0233041571,-0.00120662816,0.00309643126,-0.00175610604,-0.0348056366,0.0750867552
0.192314941,-0.0234786369,0.00153667759,0.00111713214,-0.00170031306,-0.0347818006,0.0750689061
0.202261719,0.0278615281,0.00146024488,0.00112325745,0.00266114599,-0.0347737093,0.0750703949
0.212208984,0.0594526712,0.0026642303,-0.00148511538,0.00217671483,-0.0347771026,0.0751027956
0.222156006,0.0364208283,0.00178512081,-0.00164170936,0.00296687474,-0.0347967,0.0751346496
0.232103027,-0.0220117792,0.00129847007,0.00185865071,0.0019505152,-0.0348073874,0.0751577029
0.242049805,-0.0273985137,0.00137916382,0.00257211155,-0.000851396704,-0.0347992666,0.0751577291
0.251996826,0.00435585712,0.00272745779,0.000545950606,0.000444214558,-0.0347974042,0.0751456095
0.261944092,0.0399452761,0.00265848194,-0.000817587599,0.0032128368,-0.0348124507,0.075158414
0.271890625,0.0266062674,0.00148308347,-0.00163740339,0.00112927915,-0.0348314858,0.0751868561
0.281837891,-0.00440218048,0.000660166726,0.000615098048,-0.00132722082,-0.0348466779,0.0751834391
0.291784912,-0.0330418534,0.00239940477,0.00231454684,-0.00387714757,-0.034845417,0.0751468114
0.301732178,-0.0101269148,0.00174586498,0.000482025556,-0.0017386293,-0.0348510598,0.0751029836
0.311678711,0.0376152988,0.00141644804,-0.00112195918,0.00126874598,-0.0348591319,0.0751037886
0.321625977,0.0278108209,0.00319677126,-0.00142555963,-0.000150452601,-0.0348848167,0.0751111051
0.331572998,-0.0153293058,0.00316918758,-0.00139491307,-0.00164325489,-0.0349170174,0.0751065625
0.34152002,-0.0191959181,0.00169619324,-0.00149637926,0.000606050948,-0.0349387051,0.0750937117
0.351466797,-0.0021080782,0.00144249108,-0.00111198099,-0.000294613186,-0.034964883,0.07508138
0.361413818,0.0143189597,0.0015133312,-0.00284010591,0.000708599575,-0.0349949433,0.0750933042
0.371361084,0.00290244344,-1.26848E-5,-0.00124639459,0.000591087621,-0.0350327359,0.0751194048
0.381307861,-0.0362231138,0.00175485516,-0.00125544937,-0.000122106867,-0.0350443499,0.0751275269
0.391254883,-0.0368413187,0.000667349435,-0.000599721912,-0.000539923785,-0.0350633105,0.0751102204
0.401201904,-0.0121604665,0.000998114003,-0.000310502481,-0.00220200256,-0.0350768384,0.0750939623
0.41114917,-0.0025963001,0.00127689843,-0.00120478356,-0.00149401743,-0.0350916566,0.075092672
0.421095947,-0.0272523102,0.00140792597,-0.000485729892,-0.00168736279,-0.035099175,0.0750961678
0.431042725,-0.0282912979,0.000576002989,-0.00141012203,-0.00208349177,-0.0351070707,0.0750817343
0.440989014,-0.0266956992,-0.00104799273,-0.00120212883,-0.00180359394,-0.0351134649,0.0750612762
0.450936035,-0.00838357827,0.00129584048,-0.00160616729,-0.00104073226,-0.035116509,0.0750517314
0.460883057,-0.00288636909,-1.68317E-5,0.000341402367,-0.00252304762,-0.0351264966,0.0750630093
0.470829834,-0.0052357087,0.000504162279,-0.000886515714,-0.00149305258,-0.035143645,0.0751134974
0.480776855,-0.0149466631,0.00223015714,-0.000571996439,-0.00252609281,-0.0351443295,0.0751456785
0.490724121,-0.0109605161,0.0024052884,-0.000668536406,0.000577322207,-0.0351322055,0.0751554655
0.500670654,0.017477789,0.00173923175,-0.00328642409,0.000529917888,-0.0351476508,0.0752174005
0.51061792,0.0155139416,0.00195208262,-0.00104348036,0.000611427473,-0.0351663784,0.0752614064
0.520564941,0.0130373224,0.00225701462,-0.00202964898,0.00144046952,-0.0351586173,0.0753141836
0.530511963,-0.010720716,0.00291814865,-0.00154767418,-0.000963865547,-0.0351536657,0.0753330028
0.54045874,0.00687711923,0.00182518736,0.000115470029,-0.000797950663,-0.0351256478,0.0753422196
0.550406006,0.02935995,0.00360478484,-0.000255060848,-0.00159428618,-0.0351147604,0.0753460318
0.560353027,0.00934431306,0.00096532586,-4.20082E-5,-0.00118628959,-0.0350922996,0.0753649959
0.570299805,-0.0141946026,5.07791E-5,-0.000730208121,-0.000608250033,-0.0350515341,0.0753756193
0.580246826,0.00465396329,0.0020942227,0.0011672941,-0.00232199393,-0.0350203332,0.0753291189
0.590193848,0.0213029003,0.00130231166,-0.00126628252,-0.0016706856,-0.034979105,0.0752872197
0.600141113,0.0202813021,0.00234520552,0.000799797941,0.000450256048,-0.0349847566,0.0752592643
0.610087646,0.0103185649,0.00130459527,-0.00110851787,-0.00235591829,-0.0349508401,0.0752963043
0.620034912,0.0147397424,0.00119114458,-0.000605180394,-0.000576660503,-0.0348889636,0.0752893526
0.629981934,0.0158333098,-0.00060241262,-0.000156315509,0.00209097145,-0.0348510315,0.0752328575
0.639929199,0.0170494806,0.000178958755,-0.000926501583,0.00034873141,-0.0347834817,0.0752348101
0.649875732,0.0140652772,0.000550388126,0.000612039119,0.00147088885,-0.0347323576,0.0752815905
0.659822754,0.0143476743,-0.00100063684,1.17626E-5,5.99462E-5,-0.0346722918,0.0752951622
0.66977002,0.0347227922,-0.000276820851,0.000925294124,-0.000682243612,-0.0346212536,0.0752823517
0.679717041,0.0138747961,-0.00210907543,0.0018278393,-6.81186E-5,-0.0345375779,0.0752621082
0.689663818,0.0212517546,-0.000219063717,0.00102403946,-0.000471300213,-0.0344692883,0.075251386
0.699609863,0.0143198364,-0.00143346505,-0.000126978382,-0.00213258015,-0.0343632561,0.0752311087
0.709556885,0.0337844884,-0.00176892895,0.00131725939,0.000708697364,-0.0343015567,0.07520171
0.719503906,0.0168771928,-0.00132711069,0.00233139098,-7.4272E-5,-0.0342191232,0.0751865841
0.729450684,0.0210279558,-0.00189312862,-0.000670208596,0.00136452017,-0.0341153453,0.0751825865
0.739397949,0.0204326202,-0.00403910363,0.00196126057,0.00130699587,-0.0340453013,0.0751829126
0.749344971,0.0256222978,-0.00489800423,-0.000100495759,0.000483969692,-0.0339237639,0.0751321378
0.759291992,0.0159998254,-0.00452356413,0.000612964854,0.000726317288,-0.0338454524,0.0751274711
0.76923877,0.0034443683,-0.00429004245,0.00120128412,0.00319492142,-0.0337717194,0.0751289067
0.779186035,0.000772007286,-0.0035819076,0.00124495989,0.00150594465,-0.0336728822,0.0751310654
0.789133057,-0.00196019416,-0.00279558357,-0.00100715179,-0.000445547746,-0.0336235731,0.0750965104
0.799079834,-0.00448547485,-0.00364672998,0.00216707005,0.00213638693,-0.0335998314,0.0750984046
0.809026855,-0.00234802443,-0.00350508513,0.00199321192,0.00101771485,-0.0335698595,0.0751027517
0.818973877,0.00187273507,-0.00315088499,-0.000429199543,-0.000478449045,-0.0335439135,0.0751059166
0.828921143,-0.00235021639,-0.00296696601,0.000833958853,0.00163564982,-0.0335332138,0.0751025337
0.838867676,-0.0121142892,-0.00189957104,0.00108003523,0.00149183918,-0.0335151977,0.0751139929
0.848814941,-0.0114535603,-0.00147086265,0.000490152277,0.000632693525,-0.0334999467,0.0751203407
0.858761963,-0.0104299894,-0.00269378652,0.000787627418,-0.000107132597,-0.0334902526,0.0751332029
0.868709229,-0.00873918677,-0.00374467717,0.00208013714,-0.00023266254,-0.0334691642,0.0751377784
0.878655762,-0.0129150842,-0.00224212185,0.000971729401,0.00287657813,-0.0334533724,0.0751545159
0.888602783,-0.00780095607,-0.00147773698,0.00135158282,-0.000789921265,-0.0334470365,0.075172523
0.898550049,-0.00464694902,-0.00202714722,0.00180751598,0.00172117329,-0.0334313913,0.0751737044
0.908496826,-0.0138249656,-0.000642208382,0.000436333008,-0.000423685648,-0.0334295664,0.0751838845
0.918443848,-0.00204487677,0.00144624256,0.000425680541,0.000753431581,-0.0334370069,0.0751949539
0.928390869,-0.0117831576,-0.00028908893,-0.000671923626,-0.000606213463,-0.033442085,0.0752090576
0.938338135,-0.0194338185,0.000517316395,-0.000643161591,0.000791413477,-0.0334690301,0.0752224018
0.948283936,-0.0155638452,-0.000182078569,0.000109580811,-0.000472659944,-0.0335296016,0.0752508954
0.958230713,-0.0189540721,0.000630984432,0.000313579105,0.00148156774,-0.0335769443,0.0752867542
0.968177979,-0.013291151,0.00142552669,0.000956114847,0.000660639023,-0.0336486172,0.075314972
0.978124756,-0.000598404285,0.000388225424,0.000363028608,0.000568227377,-0.0337036824,0.0753428718
0.988072021,-0.00479665969,0.00276602479,0.000132612884,0.000518483575,-0.0337279964,0.0753726236
0.998018799,-0.00939056335,0.00103337236,-0.00130655896,-0.000392317539,-0.0337905432,0.0753772134
1.007966064,-0.00594393003,0.00203282805,0.00066207489,-0.00113985594,-0.0338615333,0.0753930263
1.017912842,-0.00687112788,0.000798985595,0.000871931668,-0.000367805595,-0.033910474,0.075420626
1.027859863,-0.0103303284,0.000798531575,0.000299441628,0.000521578826,-0.0339495794,0.0754494335
1.037806885,-0.00103767248,0.000486675417,-0.000310156029,-0.000559664564,-0.0339884844,0.0754815925
1.047753906,-0.00825965963,2.9901E-5,-0.000413623638,0.000153035158,-0.0340512503,0.0755081613
1.057701904,0.0016891952,0.00107306126,-0.000280998182,-0.000578002539,-0.0340974558,0.0755156109
1.067648926,0.00415258963,-0.000866131042,-0.000264690723,-0.000219724374,-0.0341511567,0.0755226825
1.077596191,0.0159667999,0.00155388331,-0.00200852845,0.000611448195,-0.0342014835,0.0755372572
1.087543213,0.000716258511,0.0011326595,-0.000546091702,-0.000579458894,-0.0342514986,0.0755538317
1.09748999,0.000262669524,0.00015794253,-0.0014670128,0.000839473214,-0.0342814317,0.0755686588
1.107437012,0.0204884421,-0.000731682172,0.000526960474,1.81042E-5,-0.0343158146,0.0755864837
1.117384277,0.00559255931,0.000448098173,-0.000731915701,-0.00101067498,-0.0343558747,0.0755934279
1.127331055,0.0195963155,0.000454458408,-0.000657277647,-0.00312335999,-0.0343955233,0.0755870609
1.137277832,0.0116202952,0.00132291531,-0.00101707038,0.000258055748,-0.0344187339,0.0755824452
1.147225098,0.00534779077,-7.19442E-5,-0.000341060571,-0.000330294715,-0.0344496145,0.0755836976
1.157172119,0.0101793026,-0.000574748963,-0.000533606857,-0.000731633045,-0.0344781398,0.0755574991
1.167118896,0.0154880034,-0.00132363127,-1.42078E-5,-1.01384E-5,-0.0345079539,0.075564805
1.177065918,0.0010336539,0.00221624225,-0.00124165881,0.000337404199,-0.0345367524,0.0755709866
1.187013184,0.0116762631,0.0010093723,7.69519E-5,-0.000576237915,-0.0345753253,0.0755575653
1.196959229,0.0107581984,0.00215213466,-0.00203626649,-0.000969853019,-0.034606889,0.075555486
1.206906006,0.014413433,0.00122496148,-0.00112838438,-0.00126712793,-0.0346595572,0.0755314291
1.216853027,0.00844634131,0.00320448913,-0.00149510149,-0.000508393161,-0.0346937582,0.0755180053
1.226800049,-0.00192220023,0.00394120021,-0.000911147799,0.00043950323,-0.0347336987,0.0755135561
1.23674707,0.008768559,0.00145487289,-0.000300218817,-0.00169262337,-0.0347710817,0.0755050492
1.246694092,-0.00152099902,0.00311939465,-3.01222E-5,0.000277139246,-0.0347882134,0.0754933701
1.256641113,0.0101501495,0.00242537493,-0.000889257994,-0.000578800682,-0.0348019862,0.0754933085
1.266588135,0.0052352703,0.00191158685,-0.000410633627,0.00131064502,-0.0348113506,0.0754803789
1.276535156,0.00725946961,0.00176085194,0.000246368349,-0.000500304392,-0.0348282871,0.0754731417
1.286481934,0.00431983596,0.00316963089,-0.00161115266,-0.000396215357,-0.0348503796,0.0754632743
1.296428955,0.00378967461,0.000667590997,-0.000607407652,-1.77801E-5,-0.0348706473,0.0754549599
1.306376221,0.00930193522,0.00292248628,0.000206069089,-0.000909172231,-0.0348792308,0.0754677822
1.316322998,0.0118175713,0.00199943455,8.24984E-5,-0.000352038769,-0.0348837563,0.0754649007
1.32627002,0.0118576841,0.0028524173,-0.000519537367,0.000574301463,-0.0348936136,0.0754689991
1.336217041,0.00753477942,0.00215360383,-0.00182262203,-0.000338896411,-0.0348903237,0.075470696
1.346164307,0.00254055133,0.00306577538,-0.000434212387,-0.000852521975,-0.0348913365,0.0754649503
1.356111084,-0.00839585323,0.00201276154,0.000658748671,0.000468938611,-0.0349045569,0.0754636316
1.366058105,-0.00038037762,0.000910745468,-0.000926178414,-0.00107253669,-0.0348983274,0.0754569859
1.376005127,0.00678476477,0.00111714052,0.000526309945,-1.4463E-5,-0.0348912724,0.0754552099
1.385952148,-0.00254325474,0.00123638264,-0.00128830224,0.000888973009,-0.0348780794,0.0754500438
1.395898926,0.0132628017,-0.0011743108,0.00032743765,-0.000505724456,-0.0348513294,0.0754443674
1.405845947,0.00680748806,-0.000767797697,-0.000429322012,-0.00114705623,-0.0348221143,0.0754269217
1.415793213,0.01477401,-0.00121733942,-0.000210676808,0.000273207668,-0.0348151066,0.0754305826
1.425740234,0.0120619745,-0.00133795419,-0.000930249691,0.00010754331,-0.034767377,0.0754439821
1.435686035,0.00212020702,-0.000303316046,0.00139788585,0.00115949207,-0.0347056523,0.0754678712
1.445633057,0.0113421358,-0.000675291172,0.000201695599,-6.08054E-5,-0.0346516163,0.0754774855
1.455580078,0.0152243841,-0.00167797145,0.000636589713,-0.00036786776,-0.0346027341,0.0754766365
1.4655271,0.00220934661,-0.00163843995,0.000952358358,0.000901723746,-0.0345581244,0.0754922886
1.475474121,0.00787416744,-0.00325151649,-0.000440475065,-0.000111608999,-0.0345026955,0.0754900938
1.485421143,0.0196424928,-0.0010011819,0.00168731855,0.000590685988,-0.034453725,0.0754999777
1.495368164,0.0152860511,-0.00315567898,0.00014667958,0.000963794766,-0.0343862419,0.075498238
1.505315186,0.0110470984,-0.00285864761,-0.000476608984,0.00183856208,-0.0343356847,0.0755085124
1.515261963,0.0253714649,-0.0022112336,0.00063392939,-0.000224322546,-0.0342878005,0.075519646
1.525208984,0.0156011084,-0.0023861446,0.00202781567,0.000903918641,-0.0342450129,0.0755151639
1.53515625,0.0032297757,-0.00199545873,0.000327653252,0.000852786005,-0.0342087678,0.0755201349
1.545103027,0.0248206991,-0.00316685555,-1.98018E-5,-0.00130923768,-0.0341841806,0.0755245356
1.555050049,0.0219617295,-0.00132261636,0.00105078891,0.000448448816,-0.0341586915,0.0755229159
1.56499707,0.00160093239,-0.00259348843,0.000301669352,-0.000475042034,-0.0341467836,0.075521882
1.574944336,0.0208849671,-0.00180093187,-1.41817E-5,0.00163817639,-0.0341374616,0.0755199189
1.584891113,0.0151088679,-0.0015854442,-0.000213562511,0.00014482066,-0.034122209,0.075526037
1.594838135,0.00860043589,-0.00150102191,0.00153453648,0.00130143156,-0.0341096158,0.0755184533
1.604785156,-0.000722688251,-0.00303537771,-0.000406830572,0.00146619603,-0.0341059741,0.0755291021
1.614731934,0.0156996004,-0.00258796662,-0.000344512984,0.0010893587,-0.0341036212,0.0755405333
1.624678955,0.00418853773,-0.0017892688,0.000680071302,0.0026309418,-0.0340925642,0.0755416681
1.634625977,-0.00460654395,-0.00132827577,0.00143374596,-0.00176833407,-0.034076511,0.07552979
1.644573242,-0.00335157545,-0.000731389853,0.000453252811,9.95914E-5,-0.0340799518,0.0755356978
1.65452002,0.00179660109,-9.99543E-5,0.00180001324,0.00128443178,-0.0340835662,0.0755265928
1.664467041,0.00200827108,0.000227170647,0.00129222125,5.41343E-5,-0.0340765015,0.0755176341
1.674414062,-0.00516037844,0.000162189477,-0.000102742575,-0.000181023031,-0.0340938011,0.0755190503
1.684359863,0.00662993953,0.000288565061,0.000587885734,0.000352660893,-0.0340977697,0.0755311869
1.694307129,-0.0059423226,-0.000340473605,-3.58266E-5,0.00124082516,-0.0341155156,0.0755309102
1.70425415,-0.0138435972,-0.000118103926,0.000110835303,-0.00131573854,-0.0341342016,0.0755339201
1.714201172,-0.0109113432,0.000730379135,0.00196492812,-0.000656606164,-0.0341472808,0.0755430365
1.724147949,-0.00498487574,0.000901178108,-0.000185470097,0.00100226165,-0.0341654028,0.0755523008
1.734095215,-0.00894018924,-0.000242383219,0.00062865857,0.0005758896,-0.034175834,0.0755609849
1.744041992,-0.0065616966,-0.00276899501,-0.00074342126,0.000665484695,-0.0342104337,0.0755746804
1.753989014,-0.00108889122,-0.000764433527,-6.37826E-5,-0.000477544032,-0.0342414981,0.0755834566
1.763936035,-0.0120853554,0.00118600822,0.000270856079,0.00134115724,-0.0342543325,0.0755913094
1.773883057,0.000299494403,0.000383597799,0.000158736948,0.000755528221,-0.0342714044,0.0756030314
1.783830078,0.000960807856,0.00049479655,0.000745995436,0.000380801968,-0.0342904275,0.0756247491
1.7937771,-0.00570098812,-0.000835718703,-0.000166669954,0.000586131588,-0.0343043553,0.0756473925
1.803724121,-0.000675634239,-0.000124497805,-0.00116086053,0.000476698857,-0.0343370736,0.0756563332
1.813671143,-0.00213043616,-0.00119801809,-0.000199725851,0.000617846381,-0.0343573111,0.0756758869
1.823618164,-0.00220116331,-0.000373417279,-0.00053986581,-0.000596173806,-0.0343621814,0.0756839553
1.833565186,0.000518982373,-0.000261830748,0.000408485997,-0.00235146307,-0.0343829567,0.0756866816
1.843511963,0.00207147251,0.00110241317,-0.000805007294,0.000429772073,-0.0344003016,0.0756924295
1.853458984,-0.00128653268,0.00087364763,-0.0014300514,0.000169048551,-0.0344179348,0.075700971
1.863406006,0.00322502646,0.000139604672,-0.00127275335,-0.00100823352,-0.0344327461,0.0757032717
1.873353271,0.0128323744,-0.000474786502,-0.00143280951,-0.000468677143,-0.0344607318,0.0757063985
1.883300049,0.00649688774,-0.000939548947,-0.00050991727,-0.00068577053,-0.0344789707,0.0757012091
1.89324707,0.00836428905,0.000629319111,-9.95244E-5,-0.000953684794,-0.0344864714,0.0757085449
1.903194092,0.00745681881,-0.00108814449,-0.00102169067,-0.000374547904,-0.034500555,0.075707559
1.913141357,0.0126638129,0.000545971096,-2.7799E-5,-0.000943399034,-0.0345245914,0.0757044601
1.923088135,0.0137076959,5.31313E-5,-0.000903553795,-0.000774552114,-0.034547799,0.075704094
1.93303418,0.0222610778,5.55281E-5,-0.00245298073,-0.00171757746,-0.0345728031,0.0757065548
1.942981201,0.0158594671,0.00111111347,-0.00155774225,-0.00119506894,-0.0346041267,0.0756946026
1.952927979,0.0037493426,0.0034296615,-0.00122617837,-0.000104504405,-0.0346391218,0.0756803816
1.962875244,0.011720906,0.00157539384,0.000700951088,-7.26453E-5,-0.0346516905,0.0756845463
1.972822021,0.0283102948,0.00154396845,-0.000728367362,-0.000180769712,-0.0346665561,0.0756824635
1.982769043,0.0308201587,0.00344245043,-0.0018074736,-0.000382261118,-0.0346938241,0.0756789859
1.992716064,0.0298120777,0.00248584291,-0.00187911279,-0.002195874,-0.0347082467,0.075652408
2.002663086,0.0283658244,0.00124060747,0.00033526402,3.34883E-5,-0.0347321281,0.0756422325
2.012610107,0.0157044227,0.000164956786,0.000282001216,-0.00177879259,-0.03473888,0.0756175398
2.022557129,0.0123377958,0.00375886867,-0.00188158033,0.000857180683,-0.0347495142,0.0756099122
2.03250415,0.030843978,0.000910085218,0.000424717087,0.000944266096,-0.0347664532,0.0756202162
2.042451172,0.0218467248,0.00150956016,-0.00116963824,0.000897492748,-0.0347713677,0.0756182674
2.052398193,0.00802986946,0.00144298119,0.000205617864,-0.000736090355,-0.0347829433,0.0756131376
2.062344238,0.0100093528,0.000510949991,0.00153796561,4.19419E-5,-0.0347756999,0.0756013288
2.07229126,-0.00154459909,0.00144545315,0.000137675554,-0.000764196971,-0.0347796695,0.0755980796
2.082238525,-0.000315276494,-0.000483141281,-0.00079383608,-0.000199021772,-0.0347823884,0.0755860699
2.092185059,0.0142472827,0.00212888699,0.000870107207,0.00186945556,-0.0347751573,0.0755909496
2.102132324,0.00306070274,0.00186799397,0.000252727419,-0.000397760654,-0.0347741595,0.0755946567
2.112079346,0.00128339087,-0.000126980012,0.00098802615,0.000480549876,-0.0347681147,0.0755965225
2.122026611,-0.00496032582,0.000683399732,-0.00120086735,0.00130674639,-0.0347595139,0.0756007256
2.131973145,-0.0144341105,-0.00047001522,0.00212195865,0.000238286098,-0.0347435684,0.0756112661
2.141920166,-0.0266361511,-0.00112273975,0.000106730033,-5.55541E-5,-0.0347297327,0.0756182416
2.151867432,-0.0150862908,-0.00180317729,-0.000140677672,-0.000344240805,-0.0347157741,0.075621082
2.161814209,-0.0107535223,-0.00212159497,7.8884E-5,0.00033846288,-0.034698976,0.0756203895
2.17176123,-0.0159139007,-0.00316368998,-0.00119277555,-0.00108845904,-0.0346930377,0.0756129591
2.181707275,-0.0161827077,-0.00221719686,-0.000726185273,0.000885508722,-0.0346749556,0.0756160744
2.191654297,-0.0193844994,-0.00261880131,0.00135534164,8.49625E-5,-0.0346591103,0.075625304
2.201601318,-0.0124565268,-0.00203208067,0.000143211335,-0.000992501155,-0.0346397959,0.0756298658
2.211548096,-0.0156627755,-0.00321692112,0.000344812404,0.000173963374,-0.0346178112,0.0756386404
2.221495361,-0.00646079351,-0.00134846498,0.000984421,0.000677655218,-0.0345906406,0.0756615192
2.231442383,-0.00737695851,-0.00344597036,0.00128136342,-0.000324758468,-0.0345604088,0.0756749511
2.241389404,-0.0074030428,-0.00240121293,0.0015961132,0.000419204123,-0.0345317787,0.0756875836
2.251336182,0.00965133318,-0.00141451159,8.86945E-6,0.000473266235,-0.0345143722,0.0757024443
2.261283447,0.0118730278,-0.00192589965,0.00144262984,0.000636903802,-0.034490835,0.0757154136
2.271230469,0.00486205308,-0.00351048028,-0.000586166047,-0.000771641964,-0.0344843597,0.0757176542
2.281177002,0.00429155971,-0.00204447517,0.00084215682,-0.000732362969,-0.0344703697,0.0757205292
2.291124268,0.0202991301,-0.00283170538,0.000553203747,0.000171513762,-0.0344568996,0.0757201574
2.301071289,0.00462188765,-0.00289865467,-0.000255527906,0.000210353173,-0.0344470324,0.0757237039
2.311018555,0.00529759495,-0.0030086434,0.0015325183,-0.000742525794,-0.0344393705,0.0757315963
2.320965088,0.0111814654,-0.00125067157,0.00113932928,0.000382737257,-0.0344319059,0.0757365078
2.330912354,0.0100550917,-0.000503388583,0.0011792765,0.00234122598,-0.0344312152,0.0757590419
2.340859375,0.0256372762,-0.000554098282,-0.00168208824,0.000806986587,-0.0344367546,0.075776373
2.350806152,0.0390316684,-0.00152934785,-0.00226931507,0.000527887139,-0.0344271532,0.075799514
2.360753174,0.037878699,0.00035851798,-0.00463501131,-0.000292436685,-0.0344471217,0.0758040251
2.370700195,0.00151624978,-0.00118611543,0.00253847917,-0.00424190471,-0.0344283465,0.0757733602
2.380647461,-0.0132234926,0.00146278518,-0.000792669598,-0.00194112561,-0.0344032616,0.0757503662
2.390594238,0.0368178648,0.00171551912,-0.0026579476,-0.000945902197,-0.0343982515,0.0757261401
2.40054126,0.0823589151,0.00100550475,0.00202546385,0.000757957576,-0.0344042705,0.0757007714
2.410488281,0.0387982249,0.000737324357,0.00248512556,-9.02591E-5,-0.0343800548,0.0757144262
2.420434082,0.00490428478,0.00139372889,-0.00320618926,0.000928499736,-0.0343696892,0.0757219738
2.430381348,0.0392516678,-0.000463293283,0.00100293662,0.00439593568,-0.0344034552,0.0757454935
2.440328125,0.0422667778,-0.0016749897,0.00219178549,-0.00118923769,-0.0343721762,0.0757630816
2.450275391,0.00965535177,0.00123371487,-0.00286555709,0.00501539465,-0.0344083337,0.075794672
2.460222168,-0.0110077162,-0.00084870134,0.00186666939,0.000487448415,-0.03439778,0.0758086352
2.470169434,0.00735050889,-0.000395164941,-0.00110967923,0.000421934761,-0.0344012809,0.0758191084
2.480116211,0.00870389626,0.000496414257,0.00077448925,-0.00032307161,-0.0343837435,0.0758044916
2.490063477,0.0234991682,-2.0239E-5,-0.000519274268,0.00223915558,-0.0344026788,0.0758178692
2.500010254,0.000744973148,0.000910897739,0.0020862543,-0.00258882227,-0.0343783345,0.075816923
2.509957031,-0.0254675457,0.00137535296,-0.000804606825,0.000856775325,-0.0343856416,0.0758142636
2.519904297,-0.00701755061,-0.00217276067,0.000534591265,-0.00106212567,-0.0343831716,0.0758035191
2.529851318,0.010114859,0.000691735535,0.000994785689,0.00156268582,-0.0343809366,0.0758110613
2.53979834,0.0053851271,-0.000452857115,-0.0014257133,-0.0017252157,-0.0343892003,0.0758170494
2.549745117,-0.0143941438,-0.000783089199,0.000387899578,0.000305444701,-0.034401738,0.0758142797
2.559692383,-0.0310245222,0.00199069013,0.00156293856,-0.00148871378,-0.0343954723,0.0758121796
2.569639404,-0.0189218504,-0.000270333723,-0.000811802223,-0.000846093055,-0.0343978219,0.0757950269
2.579586426,0.0112516811,-0.00161578634,-9.08109E-5,0.00174979842,-0.0343952026,0.0758048885
2.589533203,0.0107617056,0.00135124149,-0.00184104033,0.0010435282,-0.0344039039,0.0758159896
2.599480225,-0.0143537387,-0.00045036769,-0.0014215908,0.000731877517,-0.034426592,0.0758337161
2.60942749,-0.0422874553,0.000331003801,-0.000749408733,-0.00042286911,-0.0344378417,0.0758386775
2.619374268,-0.0666121876,0.000620878418,-0.000269749202,-0.00298898038,-0.0344387116,0.0758148407
2.629321289,-0.0209790021,0.00170079025,-0.00255687209,-0.000858718064,-0.0344481826,0.0757989062
2.639268311,0.0220243464,0.000475204317,-2.71644E-5,-0.00193159003,-0.0344607154,0.0757894535
2.649215576,-0.00484122949,0.00265739858,-0.00119948806,-0.00142985024,-0.034459647,0.0757812261
2.659161377,-0.0653485244,0.000961659942,-0.00191350188,-0.00282405666,-0.0344774511,0.0757604388
2.669108154,-0.0878000101,0.00172545447,0.000697194599,-0.00166851119,-0.0344825657,0.0757292401
2.67905542,-0.103633904,0.00111841306,0.000962331425,-0.0041663805,-0.034472391,0.0757014609
2.689002197,-0.119255617,0.00204998674,-3.74191E-5,-0.00194104295,-0.0344697408,0.0756647762
2.698949463,-0.115487205,-0.000112923328,0.00134272035,-0.00533081451,-0.0344697647,0.075636981
2.70889624,-0.0943072001,-0.00500062294,0.00418884028,-0.0035451646,-0.0344332172,0.0755993744
2.718843506,-0.15791553,0.000714225869,0.00313531072,-0.00227106176,-0.0344037008,0.075567507
2.728790283,-0.220427296,0.00143674144,0.004448249,-0.00526552042,-0.034361359,0.0755253502
2.738737061,-0.299722001,0.00658150017,0.000994157977,-0.00553022185,-0.0343282142,0.0754501996
2.748684326,-0.400243765,0.00653116684,0.000912132673,-0.00210326584,-0.0343394791,0.0754231482
2.758631348,-0.575298792,0.00439887913,0.00253146817,-0.00131127588,-0.034323095,0.0753946728
2.768578369,-0.751537183,0.0112884762,0.00128857093,-0.000232163118,-0.0343108968,0.0753829291
2.778525146,-0.931859629,0.00744161289,0.00401582848,0.00279340451,-0.0342957754,0.0753973029
2.788472412,-1.128578717,0.0103146313,0.0044291513,0.000533179613,-0.0342477095,0.0754028514
2.798419189,-1.346033208,0.0076522124,-0.000196636189,0.00823389366,-0.0342530519,0.0754302987
2.808366455,-1.590398137,-0.00890306197,-0.00467048073,0.00452064816,-0.0342733472,0.0755367029
2.818313232,-1.703137943,0.00657805754,-0.000217662193,-0.0185111202,-0.0342536702,0.0754231882
2.828260254,-1.827386692,0.0117858686,-0.0184773598,0.0246736333,-0.0343650004,0.0754487329
2.838207275,-1.980007696,0.0207435936,-0.0157235991,0.0115840342,-0.0345756621,0.0756792207
2.848154053,-2.200748588,0.017989086,-0.0304479506,0.014099922,-0.0348291744,0.0757990495
2.858101318,-2.379457388,0.00693106279,-4.56795E-5,-0.0078135021,-0.0349205096,0.0758254073
2.86804834,-2.43571762,0.0186620224,-0.00192027865,0.0354402289,-0.0349765408,0.0759328744
2.877995361,-2.571201026,0.0165637471,0.00536806695,-0.00370477489,-0.0349015208,0.0761255512
2.887941406,-2.729564957,-0.000146790408,0.0426179692,0.0477075502,-0.0348054944,0.0763349382
2.897888184,-2.775598686,0.000389844528,0.032431528,-0.0195080377,-0.0342353642,0.0765700915
2.907835205,-2.518841016,0.0342487395,0.0343378186,0.0330531746,-0.0342421717,0.0765067956
2.917782227,-2.443997957,-0.0158659928,0.0473892801,0.046856083,-0.0336808735,0.0770449108
2.927729492,-2.241737455,0.0386774093,-0.0589227825,0.107762575,-0.0338572668,0.0775142625
2.93767627,-1.441140619,0.0401841849,0.0495347604,0.0695127323,-0.0336513056,0.0785739878
2.947623047,-1.741189587,-0.0273610372,-0.00814718008,-0.0685878843,-0.033727559,0.0786172757
2.957570313,-1.752086536,0.0181684159,-0.186625332,-0.0404932499,-0.0346004896,0.0780077804
2.96751709,-1.004673301,0.0390968658,-0.23638168,0.0520726368,-0.0370726746,0.0780509731
2.977464355,-0.780461226,0.0897691548,-0.0973858461,0.237362415,-0.0386588086,0.0794035428
2.987411133,0.0937637408,0.0181255955,-0.0313466415,0.76928091,-0.0397564319,0.0839395559
2.997358398,1.785089519,-0.169001147,-0.362993985,1.66083777,-0.041194918,0.0956416317
3.007305176,3.760319333,-0.242661521,0.392054796,2.401777029,-0.0420761649,0.116819903
3.017252441,1.568152988,0.0464783497,1.011094809,1.997128606,-0.0341630802,0.139068921
3.027199219,-3.485465157,0.22581774,-0.0928394422,0.323899359,-0.0288349892,0.15099874
3.037146484,-2.654326761,0.204151943,0.0278897062,-0.533528388,-0.0294951861,0.149136715
3.047093262,-1.31819886,0.25894621,0.0279669389,-1.578646779,-0.0294432568,0.13908514
3.05704126,-2.251988653,0.286747068,0.142431155,-2.631714821,-0.0301015691,0.11738645
3.066988037,-2.331640575,0.0571615212,0.00510258786,-3.000585318,-0.0292373458,0.0890318041
3.076934814,-2.391092442,-0.523665607,-0.666543245,0.00840596482,-0.0305858871,0.0724782672
3.08688208,-0.697965021,-0.407528639,0.513859749,0.349877536,-0.0310497033,0.0760258275
3.096829102,-0.530788838,-0.0554991029,0.0378521048,-0.262698948,-0.0257530575,0.0769778168
3.106775879,-0.434134564,0.0848878324,-0.545531392,-0.370124221,-0.029835043,0.0738702685
3.116721924,-0.581846752,0.00468709785,-0.198424503,-0.335851163,-0.0330153734,0.0701966091
3.126668945,-0.475264885,0.0695193559,0.0827469751,-0.0766587406,-0.0344662061,0.0686252253
3.136615967,0.157443382,0.0208960902,-0.155479625,0.0164664555,-0.0339226504,0.0679564143
3.146562988,-0.195418089,0.0595276393,0.191932663,-0.281506628,-0.0340209351,0.0673277375
3.15651001,-0.323029593,0.0480804741,-0.129703671,-0.615658343,-0.0342255562,0.0627433997
3.166457031,0.484030083,0.0286532473,0.10337992,-0.849863887,-0.0339927708,0.0558255321
3.176404053,0.50634479,0.0190063696,-0.026628023,-1.817815423,-0.033074918,0.0430706709
3.186351074,0.902898907,0.120578535,-0.185073063,-2.323454618,-0.0339886293,0.0209503838
3.196298096,1.483519771,-0.0755985528,0.308375359,-1.350540757,-0.0336910283,0.00248846163
3.206245117,0.338714799,-0.113892145,0.0478052944,-0.584077477,-0.0320785599,-0.00701044276
3.216191895,0.823624368,0.0302808173,-0.0168087874,0.453196764,-0.0324007415,-0.00753597379
3.226138916,1.011575336,0.00991722196,-0.0239415318,1.079679608,-0.03256904,4.83415E-5
3.236085938,1.077412594,-0.131048381,0.067520313,2.001063108,-0.0319250026,0.015368431
3.246033203,1.362171127,-0.137685776,0.00788761117,2.908780336,-0.0317934149,0.0399143668
3.25597998,1.68694654,-0.0941675827,0.561468899,3.469645023,-0.0299876699,0.0724288365
3.265927002,-2.809580158,0.0879316479,0.0550888292,-1.424081326,-0.0235282644,0.0757576181
3.275874023,-2.351775454,0.127007693,-0.797575176,-0.820920765,-0.0306089093,0.0642306562
3.285821289,2.242713752,-0.0828976035,0.0686539412,0.958031416,-0.0298820978,0.0647674724
3.295768066,1.434961492,-0.0899602547,0.00646965718,1.079222679,-0.0278313573,0.0748467519
3.305714844,-1.030752988,-0.0202248525,0.00359397591,-0.179801017,-0.0243943494,0.0778476433
3.315662109,0.250638968,0.0238086823,-0.791032791,-0.219018474,-0.0288767648,0.075541385
3.325609131,0.643121232,0.00561503088,0.383997321,0.127211913,-0.0308696633,0.0754325063
3.335555176,0.0738369512,0.0217003729,0.200579047,0.105472162,-0.0276451778,0.0767421555
3.345501953,0.296159779,0.0357890241,-0.141768187,-0.173177049,-0.0276944785,0.0762484907
3.355448975,0.284770005,0.0119050788,-0.154973939,-0.141718313,-0.0295763083,0.0745481599
3.365395996,0.528739212,0.0206037629,0.118377969,0.100581951,-0.0303013653,0.0744624848
3.375343018,0.406243298,-0.00394072151,0.108416043,0.104821905,-0.0284897538,0.0755088508
3.385290039,0.286870922,0.023871202,0.0162139423,-0.124444574,-0.0277786932,0.0754056705
3.395237061,0.232712558,0.00691435719,-0.113038361,-0.162387148,-0.028615001,0.0738919024
3.405184082,0.409243064,0.0266257431,0.0949835479,0.00607403461,-0.0288776749,0.0730461082
3.415131104,0.400063659,0.0170695223,0.046913486,0.0623514205,-0.02791216,0.0734845535
3.425078125,0.359906202,0.00130121247,0.107050061,0.0168212205,-0.0274698002,0.0739226797
3.435025146,0.175135618,-0.00218398706,0.00210560043,-0.0588981584,-0.0264816501,0.0735893198
3.444971924,0.469799532,-0.00569962617,0.0356116295,-0.0169475116,-0.0267926844,0.0732402292
3.454918945,0.442191467,0.00682615675,0.0525953509,0.0716949776,-0.0262567638,0.0735691853
3.464865967,0.481462278,0.00927013904,0.051319696,0.0563825965,-0.0256018334,0.0742185415
3.474812988,0.478121151,-0.007173541,-0.00831046049,0.0984439626,-0.0255002138,0.0749632858
3.48476001,0.476470023,0.00634066947,0.11665678,0.062001802,-0.0248732241,0.07598801
3.494707031,0.235631953,0.00890215486,-0.113032997,-0.00687039178,-0.0249286289,0.0761031669
3.504654053,0.299778481,0.00902119838,0.0599488951,0.0487204343,-0.025129914,0.0763431086
3.514601074,0.217369589,0.00448769191,0.0286584683,0.0563400723,-0.024781231,0.0768523666
3.524548096,0.103455333,0.00299525657,0.000529095065,-0.0165037774,-0.0245470938,0.0770166157
3.534494873,0.156503617,-0.00171861786,-0.0170805883,0.0421306193,-0.0245301379,0.0770550527
3.544442139,0.290986541,0.00898089819,0.0387954563,0.029386064,-0.0244184937,0.0775558802
3.554387939,0.288861658,-0.00322683738,0.0096626943,0.0528554879,-0.0243991967,0.0779201253
3.564335205,0.351576911,0.0115214819,0.0910153389,0.00988937728,-0.023967095,0.0785034957
3.574281982,0.14685886,-0.00311514176,-0.0584118292,0.00707989605,-0.0239267037,0.0784714676
3.58422876,0.268687396,-0.000823491602,0.0674001649,0.0586576052,-0.0238857811,0.0789177571
3.594176025,0.0841243904,0.0059653013,-0.00836271606,0.00154880993,-0.0236618321,0.0792943036
3.604123047,-0.0202499572,-0.00514940126,0.0312970802,-0.0746575445,-0.0235722046,0.0789190715
3.614070068,0.0256172563,-0.0225055683,-0.0351267532,-0.0448617153,-0.0235974167,0.0782689032
3.624016846,0.204784029,-0.0123184454,0.0780509412,-0.00871223398,-0.0233963674,0.0780904086
3.633964111,0.201696585,-0.0115500987,-0.0492210761,0.0227781907,-0.0232017271,0.0781419505
3.643911133,0.228346326,0.00228955084,0.0471653789,0.0460835136,-0.0232557961,0.078541351
3.653858154,0.0633699178,0.0186755396,0.0322128944,-0.00423769187,-0.0228797096,0.0788703293
3.663804932,0.0237485399,0.0129257739,-0.0538319722,-0.0523034893,-0.0229834403,0.0785216302
3.673751953,0.025971915,0.0346313491,0.0718138665,-0.00559017714,-0.0229395235,0.0782133448
3.683698975,-0.00859817087,0.0157468747,-0.013884523,-0.0286435653,-0.0225949336,0.0781211224
3.693645996,-0.0589175415,0.0342656113,0.0315226912,-0.0233849734,-0.0226905172,0.0778108143
3.703593018,-0.0743537417,0.0117970537,0.0680676475,0.0161091741,-0.0221152196,0.0778543204
3.713540039,-0.058286477,0.0117397904,0.0469576903,0.0410244428,-0.0215134016,0.0781661615
3.723487061,-0.0658733519,0.0122266151,0.0404699631,-0.021433875,-0.0208513345,0.0782625658
3.733434082,-0.0527002744,0.00119073642,0.0523408502,-0.00272989692,-0.0204308279,0.0780947058
3.743381104,-0.0655968,-0.00250599743,0.0844622999,-0.0118964976,-0.0196514259,0.0780612639
3.753328125,-0.171911249,-0.0229514465,0.0219570138,-0.0124918092,-0.0190075261,0.0779620898
3.763274902,-0.176680947,-0.00722255092,0.0805204585,-0.0244233031,-0.0185801365,0.0779027875
3.773220947,-0.373691347,-0.0270191748,-0.0547042489,-0.0661836714,-0.018147992,0.0772204387
3.783167969,-0.278213423,-0.0128506236,0.135338128,0.0693240911,-0.0184498825,0.077389721
3.793115234,-0.506323675,-0.0321563594,0.0510506704,8.81637E-6,-0.0169451011,0.0777812609
3.803062012,-0.572837955,0.00413986202,-0.0318514034,-0.116109535,-0.0168692127,0.0771154621
3.813008789,-0.389650183,-0.0125450874,-0.0361197293,-0.0719036534,-0.0173094764,0.0761545381
3.822956055,-0.211484038,-0.00266316161,0.00960488152,0.0580732562,-0.0174788517,0.0760726793
3.832903076,-0.0529419742,-0.00366557529,0.0681938902,0.046822466,-0.0168202211,0.0766925668
3.842850098,-0.12970022,0.00234970637,-0.0441715308,-0.00731134461,-0.0168673446,0.0768615155
3.852796875,-0.0486255723,-0.00741763879,-0.0496517532,0.0824483857,-0.0175226739,0.0771493324
3.862744141,-0.170773696,0.0286194589,0.0993371904,0.0265353192,-0.0168792427,0.077833559
3.872691162,-0.433800071,0.0195236988,-0.0575520247,-0.053088937,-0.016941798,0.0775617973
3.882638184,-0.315489699,0.00757462671,-0.0200959928,0.0222281888,-0.0172466209,0.0773115144
3.892584961,-0.312596315,0.021197265,0.0595902726,-0.0160600673,-0.0168535946,0.077408469
3.902531982,-0.31892223,0.00258949352,-0.0359945744,0.0343490466,-0.0168190856,0.0773583674
3.912479004,-0.204187963,0.0101942345,0.074337475,0.0806026459,-0.0166378858,0.0780432186
3.922425781,-0.207297766,0.0182556231,0.0379328616,0.0261149034,-0.016176336,0.0786740787
3.932373047,-0.12620624,0.0113192182,0.039270062,-0.0241285432,-0.015758148,0.0786116312
3.942320068,0.00944375485,0.015257501,0.0597958453,0.0299362913,-0.0154817119,0.0786349513
3.95226709,-0.0602198562,0.0141079379,0.0170501526,-0.0138920527,-0.015002112,0.078733697
3.962213867,-0.104100426,0.00190826319,0.0404167287,-0.0293652862,-0.0145872819,0.0785003464
3.972159912,-0.00992079777,-0.0223238468,-0.00634826533,0.0419161506,-0.0145671596,0.0784909199
3.982107178,-0.0653735857,-0.00712784892,0.226883113,0.0136509566,-0.0126377888,0.0788034699
3.992053955,-0.217630724,-0.00615303311,-0.130055308,-0.0176327098,-0.0124558372,0.078596745
4.002000977,-0.0625258681,0.012051804,0.024612831,0.0135531742,-0.0128775279,0.0785284247
4.011947998,-0.00227130593,0.00289444509,0.0351333171,0.0102267349,-0.0124961927,0.0786611371
4.021895264,0.125646707,0.00711102784,0.0334129147,-0.0310653113,-0.0121398674,0.0786435532
4.031842041,0.0771850926,0.0133405384,-0.017929228,-0.0103632668,-0.0122156594,0.0783242801
4.041788818,0.143480396,0.0117849857,0.0710853338,0.0325887278,-0.0121482413,0.0785544668
4.051736084,-0.0574705575,0.00118583278,0.0233215801,-0.0456807874,-0.0117024844,0.0785251146
4.061682129,-0.0819127057,-0.000833375962,0.0339537151,0.0181077775,-0.0113577143,0.0784127358
4.071629395,-0.0712103291,0.00421797857,0.039864812,0.00878481753,-0.0108967784,0.0786809323
4.081575928,-0.130554279,-0.00599204842,0.0716906488,-0.0265500043,-0.0105146318,0.0786566842
4.091523193,-0.149182188,-0.00457305182,0.041104544,-0.107048027,-0.0100320692,0.0780216926
4.101470215,-0.00715893184,-0.00732249953,-0.0608633682,-0.087993376,-0.0103645191,0.0770133289
4.111417236,0.150619966,0.0011620454,0.0684920326,-0.0260264799,-0.0102332155,0.0764839235
4.121364014,0.0742897365,0.0158331338,-0.011138875,-0.0584885478,-0.00992956151,0.0761150951
4.131311035,0.00878339124,-0.00190672127,4.5985E-5,-0.0607385896,-0.009912062,0.0753841498
4.141258301,0.00778539318,0.00451336103,0.0191062279,-0.00497572497,-0.00966046401,0.0749760536
4.151205078,0.332937531,-0.000478117377,0.0218910445,-0.0425091609,-0.00936971931,0.0747760716
4.1611521,0.168335655,0.0277990606,-0.0117641203,-0.106521174,-0.0094184456,0.0740568552
4.171099121,0.172254728,0.00953187514,-0.0985021666,-0.0166801699,-0.00991836709,0.0732182591
4.181045166,0.205999981,0.0248650257,0.135564655,0.096216552,-0.00977256561,0.0737310158
4.190992188,0.120355322,0.0150646167,0.0815116167,0.017232528,-0.00860231886,0.0744142403
4.200938965,0.047905076,0.0264624134,-0.111957446,-0.0742060393,-0.00873946367,0.0740596939
4.21088623,0.156089118,0.0258293096,0.0956352428,-0.040836852,-0.00911895852,0.0734472767
4.220833252,0.201313504,0.0171820242,0.0854893923,0.0543357357,-0.00841932361,0.0735119431
4.230780273,0.162260792,0.0189224798,0.0579369292,-0.0080023203,-0.00733454112,0.0738029215
4.240727051,0.0461659772,0.0164571907,-0.000962339807,-0.0145800617,-0.00734703498,0.073606457
4.250674072,0.0187060887,0.0132987984,0.0612560511,0.0394628309,-0.00699771482,0.073736373
4.260621338,0.0179871999,-0.0038056199,0.0422655828,0.0350670144,-0.00634846826,0.0741524842
4.270568115,-0.0511282758,0.0122332154,0.0330156311,-0.0319273435,-0.00571478213,0.0742154374
4.280515137,-0.0643699616,0.00783473812,-0.00706494506,-0.00883214548,-0.00558927748,0.0738406992
4.290462158,0.217789495,-0.178504243,-0.00805282593,0.0825629532,-0.0054555264,0.0742173815
4.300409424,1.095570912,-0.464467019,0.339329123,0.178265512,-0.00286252371,0.0759472242
4.310355957,0.130037123,-0.132000118,-0.100006565,0.0446767583,-0.000657000729,0.0766744378
4.320303223,0.720690794,0.00311030494,-0.102960549,-0.116577648,-0.00199941534,0.0764177518
4.330250244,-0.24471177,0.0139680635,-0.189949781,-0.195672855,-0.00309239374,0.0746028254
4.340197266,0.0596324848,-0.00675239554,-0.185256749,0.107820451,-0.00561804206,0.0740500883
4.350144043,0.096390363,0.00361176394,0.512440324,0.257942021,-0.00359791363,0.0762787637
4.360091064,-0.669844331,0.0521763712,-0.0748053789,-0.0349481665,-0.000990838042,0.0775091669
4.37003833,-0.197966531,0.0311452001,-0.282775283,-0.066986911,-0.00318525575,0.076950105
4.379984131,-0.286773307,-0.0103580346,0.0352024138,-0.0241150763,-0.00459983106,0.0766825991
4.389930908,-0.516183024,0.0313799977,-0.162047103,-0.0425119475,-0.00512783162,0.0761148157
4.399878174,0.161527948,0.0211417414,0.00648624916,0.0779715925,-0.00629978165,0.0762221678
4.409825195,0.00769435389,0.0100566726,0.0895701274,0.192040861,-0.00550839361,0.0776907317
4.419772217,-0.150024119,0.0106710643,0.0888835639,0.0714734271,-0.00446316486,0.0790682171
4.429718994,-0.335294177,0.0156499073,-0.0165570769,-0.012837708,-0.00411461225,0.0793265133
4.43966626,-0.295967983,0.00980799738,0.0179212727,-0.0472883582,-0.00415969787,0.0789562451
4.449613281,-0.29700887,0.0110791773,-0.00237681344,0.00646183454,-0.00408312235,0.078757933
4.459560303,-0.152054602,0.00721253408,0.085733071,0.0721297935,-0.0037705101,0.0791819516
4.46950708,-0.214899546,-0.0163700767,0.0796213821,0.0499793366,-0.00285931872,0.0798710672
4.479454102,-0.12423589,-0.0247316025,0.0849397182,-0.0201771129,-0.00223634872,0.080114278
4.489401367,0.0768608291,-0.188121438,0.0612827241,-0.26254338,-0.000493731514,0.0783064237
4.499348145,0.559155612,-0.0669553354,-0.279147565,-0.027290646,-0.00275498818,0.0768996774
4.509295166,0.183624848,0.000516587636,0.0669139475,0.0939161927,-0.00273769602,0.077227158
4.519242187,-0.166276969,-0.0267773513,0.123087473,0.129253939,-0.00241160733,0.078415941
4.529189209,-0.291729834,-0.00835196767,0.0994100645,0.147426292,-0.00105029251,0.079925528
4.539135986,-0.549676129,0.0066038128,0.0568431616,-0.0570267066,-0.000107155561,0.0799284843
4.549083252,-0.290129778,-0.0385324545,-0.118666351,0.161435738,-0.000816079252,0.0803953775
4.559030273,-0.507783883,0.0202067606,0.202510342,-0.0705223978,0.000486193436,0.0810453505
4.568977051,-0.55790174,0.0155788437,-0.369806528,0.015402195,-0.000339802191,0.0802504087
4.57892334,0.27540611,0.0375829451,0.163545549,0.201655418,-0.00208135409,0.0816563717
4.588870117,-0.39551396,0.016364824,0.104085632,-0.0213216413,-0.000205852781,0.0825499974
4.598817139,-0.0530040066,-0.00884332694,-0.0835513771,-0.00735815614,-0.000458051835,0.0823039432
4.60876416,0.0449563092,0.000317037804,0.100220703,0.0483301766,-0.000419823751,0.0826507445
4.618710938,-0.220285988,0.00476824492,-0.0118456427,-0.00563318841,8.71672E-5,0.0828870846
4.628658203,-0.205792695,-0.00455613667,0.0326284431,-0.0173312221,0.000156669937,0.0827623903
4.63860498,-0.281579538,-0.00876579527,-0.0251970403,-0.0607311577,0.000262955672,0.0823418133
4.648552246,-0.213195518,-0.0237186737,0.00699171703,-0.037508931,6.05348E-5,0.0817906005
4.658499023,-0.213892853,-0.00185971346,0.00392908184,0.0443124324,0.000174358664,0.0817958037
4.668446289,-0.0589212678,0.0262775198,0.0176975671,0.0810791999,0.000313135237,0.0825252873
4.678393066,-0.0359983651,0.0297769122,0.0359394215,-0.0156659856,0.000545422254,0.0828803448
4.688340332,0.0831855751,0.0235568397,-0.0120191649,-0.0162671264,0.00065546618,0.0826733956
4.698287109,0.301781784,0.0272402577,0.0508692525,0.0294492301,0.000794730924,0.082732154
4.708234131,0.260988366,0.0169889331,0.0460732467,0.0268564969,0.00137856412,0.082983026
4.718181152,0.244342352,0.00790755264,0.0790375844,0.0438908748,0.00200938699,0.0833927367
4.728128174,0.0937629371,0.0119451843,0.0449544899,0.0318501368,0.00260318167,0.0838016596
4.738075195,0.0161742321,0.00840983819,0.0705802217,0.0281499382,0.00330847042,0.0841154143
4.748022217,0.0228887812,-0.0153695438,0.0790209249,0.0288452189,0.00403298319,0.0844197146
4.757969238,0.0541157672,-0.0175322983,0.0508273728,0.00741289835,0.00488113661,0.0846598931
4.767915283,0.0361420844,-0.00776725356,0.0477311313,-0.0115523301,0.00535133921,0.0846121994
4.777862061,0.196493609,-0.021366952,0.0277188104,0.0255396441,0.0056684843,0.0846673056
4.787809082,0.257028888,-0.0254786257,0.0468188189,-0.00573054189,0.00619433742,0.0848594312
4.797756104,0.198378254,-0.0167463869,0.00777261611,-0.0538730361,0.00642593757,0.0845385948
4.807703369,0.289169628,-0.0150320837,-0.0229724459,-0.0224649645,0.00640391894,0.0841518063
4.817650146,0.301831833,0.000225964701,-0.0195074063,0.0530947708,0.00615038813,0.0842531703
4.827597168,0.237140604,-0.00927682407,-0.00932878815,0.064897947,0.00615156197,0.0849220705
4.837544189,0.0924424291,-0.00556064909,0.000103862025,0.0746882632,0.00608635621,0.0855654281
4.847490967,0.115210434,0.0176478177,-0.0134415608,0.0201755706,0.00589462735,0.0861038181
4.857438232,0.0722248399,0.0185253285,-0.00141632184,-0.0233956091,0.0057419881,0.0860231801
4.86738501,0.221066836,0.00952418242,0.00663432712,-0.027960049,0.00583869912,0.0858039149
4.877332275,0.411817737,0.0246703792,-0.00238739746,0.0177781433,0.00582136512,0.0857235568
4.887279053,0.487034379,0.00707861688,0.00093067158,0.0640283301,0.00587673518,0.0861931017
4.897226318,0.353840837,0.0279601961,-0.0215008687,0.0553016849,0.00586512818,0.0867581461
4.907173096,0.287185614,0.0187793057,0.0451380312,0.0201899298,0.00590074908,0.0872108429
4.917120361,0.196302324,0.00969765987,0.0460680053,-0.030051671,0.00643748768,0.0871441249
4.927067139,0.221806622,0.00911123771,-0.0230299532,-0.0374028571,0.00640073396,0.0868445377
4.93701416,0.274175107,0.0176317543,0.0656285435,-0.000241108239,0.00644278057,0.0866602603
4.946961182,0.236845201,0.00413248409,0.0393879563,-0.0308687855,0.00713356425,0.0865764969
4.956907959,0.351607891,-0.0105806822,0.0344168991,-0.0302365515,0.00735943327,0.0862385891
4.966854248,0.446610599,-0.0131425383,0.0702995211,-0.0325646624,0.00794474382,0.0859764646
4.976801025,0.456769735,-0.0188361108,0.00482064532,-0.0436644517,0.00829013976,0.085576609
4.986748047,0.538052546,0.00158582581,0.0352306664,0.0141158309,0.00842738415,0.0854111727
4.996695313,0.468840112,-0.000822204398,0.0206197668,0.0230209082,0.00864143434,0.0856327315
5.00664209,0.281608033,0.00215058774,0.00215928559,-0.0481227338,0.00883237163,0.0855219007
5.016589111,0.140990991,0.00958133955,-0.019586755,-0.0728994533,0.00867752918,0.0848217686
5.026536133,0.0289810337,0.00765570253,0.0185227934,-0.0279759634,0.00868382766,0.0843234349
5.036483398,-0.119481243,0.00449879142,0.00189028773,-0.0373220593,0.00875607417,0.0840302673
5.046429932,-0.153551197,0.00972438045,0.000130175613,-0.0354232416,0.00869292259,0.0836982493
5.056377197,-0.0514048277,0.00515865767,-0.0148967113,-0.0155027974,0.00861167953,0.0834475112
5.066324707,0.0121461457,0.00267252559,-0.00937455986,-0.0103452709,0.00847783905,0.0832744764
5.076271729,0.0153037329,-0.00779609429,-0.0333158448,-0.0308239125,0.00858106,0.0830463588
5.08621875,0.113763084,-0.0124147022,-0.0638025105,0.00751304906,0.007595668,0.0827858255
5.096165527,0.00154196874,-0.013290083,0.268082231,0.0789576694,0.00889323827,0.0835674555
5.106112793,-0.520727171,-0.00154767348,0.137221679,-0.115264535,0.0108493885,0.0835027408
5.11605957,-0.769440942,0.0170214847,-0.0774117932,-0.272708505,0.0111491657,0.081388204
5.126006836,-0.435368562,-0.0032295133,-0.292731285,-0.24281092,0.00909528305,0.0788247948
5.135953613,-0.321601386,0.00758984452,0.0110552264,-0.0660555959,0.00747978631,0.0771914804
5.145899658,-0.168180757,0.0230247919,0.0445458367,0.0644560978,0.00798691451,0.0773182116
5.15584668,-0.0777438225,-0.00818878599,0.0633019507,0.0169437043,0.00841471959,0.0778136759
5.165793457,-0.179454358,0.011318082,0.00534707075,-0.0338793918,0.00879463219,0.0777109501
5.175740723,-0.130974404,0.00699124392,0.0103540793,-0.0426614322,0.00877666367,0.0773280585
5.185687744,-0.21981216,0.0103358896,-0.00644372683,-0.00563504267,0.00868855131,0.0771186044
5.195634766,-0.282005947,0.027116999,-0.0127524892,-0.0303142872,0.00855636923,0.0769253222
5.205581543,-0.30944808,0.0181350335,0.00106804771,-0.0215131883,0.00850059861,0.076659175
5.215528809,-0.243286632,0.0316226147,0.045449093,-0.0427076891,0.00872226704,0.0763706132
5.22547583,-0.133263465,0.0142374206,0.0310764834,-0.0302434471,0.00924836015,0.0759308688
5.235422607,0.0186171683,0.0211238228,0.020929575,0.0370130837,0.00944113126,0.0759613166
5.245369629,0.133860773,0.0263266005,0.0262011047,0.0246498995,0.00973605811,0.0763003054
5.25531665,0.117769543,-0.0053042979,0.022288654,-0.0232063066,0.010008037,0.0762768181
5.265263672,0.346893795,-0.0233880449,-0.0321087539,0.0619140938,0.0099217963,0.076356298
5.275210693,0.588725187,0.00168961147,0.174347475,0.115533911,0.0103958904,0.077766036
5.285157715,-0.293913096,-0.0126074385,0.0965683237,-0.191352233,0.0124706224,0.0771308011
5.295104736,-0.280405307,-0.00521370443,-0.158897802,-0.228996277,0.0117656816,0.0749466066
5.305051758,-0.0917141148,-0.0227118619,-0.00659738621,-0.0296036378,0.0104113322,0.0735999336
5.314998779,-0.390252533,-0.0293644369,0.178877145,-0.10465125,0.0117878532,0.0732927698
5.32494458,-0.517733103,-0.0191046875,-0.0652509034,-0.378750592,0.0124521725,0.0707237189
5.334891846,0.0618740532,0.0170874055,-0.543407083,-0.478139788,0.00930814854,0.0663556395
5.344838867,0.395426172,0.0151183475,-0.77093029,-0.330025584,0.00198800187,0.0619377692
5.354785645,0.328998913,-0.00930070877,0.448864818,0.139230043,0.0011756223,0.0610522954
5.364732666,0.166351496,0.0112796603,0.417784512,0.08873979,0.00567628574,0.0624596702
5.374679687,0.271460295,-0.0115657346,-0.0122068021,-0.0176148862,0.00749013576,0.0629247942
5.384626709,0.089273261,-0.0100219706,-0.268215865,-0.145742178,0.00584891619,0.0621523799
5.394573486,-0.0969989599,0.010866533,-0.142044619,-0.155293345,0.0036470611,0.0604887543
5.404520752,-0.00992529128,0.0198672824,0.104682647,0.0202484056,0.00356807452,0.0597687218
5.414467773,0.115530898,0.0142293721,0.135975584,0.068248421,0.0047548685,0.0603557173
5.424414795,0.0611672201,0.013151519,0.128222153,-0.0282157511,0.00602218844,0.0606262579
5.434361572,0.132041011,0.0216749664,0.0584657043,-0.0926096514,0.00684033182,0.0599939488
5.444308838,0.238860706,0.0226181224,0.074328348,-0.0806925073,0.00738261259,0.0590898793
5.454255859,0.272831547,0.0255979337,0.269399583,-0.111507416,0.00895267149,0.0582953687
5.464202637,0.157586298,-0.00132248248,0.0612343624,-0.182787612,0.0110976156,0.0566880656
5.474149658,0.275051524,-0.0295490604,-0.101843514,-0.0599096306,0.0104660009,0.0553431556
5.48409668,0.309204262,-0.0283661354,0.151410058,0.162426621,0.0107382403,0.0559580622
5.494043701,0.0701802554,-0.0295839999,-0.015737379,0.147923052,0.011566789,0.0575727136
5.503990479,0.0452560593,-0.0285811964,-0.119376779,0.249498501,0.010959965,0.0593677173
5.513936523,0.295791384,-0.0300185047,-0.184947267,0.555624366,0.00942862685,0.0633620606
5.523883789,0.203378473,0.00597801758,-0.204833865,0.517432272,0.00757049234,0.0689501889
5.533830811,-0.0516148903,0.0247897878,-0.0687577948,0.175209671,0.00585097376,0.0726815731
5.543777588,-0.41288712,0.0441854186,-0.102281414,-0.195508525,0.00574215289,0.0721260138
5.553724609,0.359605538,-0.0285785329,-0.265013635,0.0927765369,0.00310663497,0.0712757923
5.563671875,0.44149669,0.0068079466,0.451098531,0.394564927,0.00432550813,0.0739724704
5.573618652,0.266772356,-0.041218169,0.269458681,0.306765318,0.00806390631,0.0777116979
5.583565674,-0.166121486,-0.0110569922,0.0616397858,0.0848637,0.00959733849,0.0795645316
5.593512695,-0.177610703,0.00503222924,-0.102567531,-0.00333220046,0.00935294264,0.0797975044
5.603459961,0.139719729,-0.000782340649,-0.132786244,0.00915826857,0.00808011518,0.0797769766
5.613406494,0.20825945,-0.0146070756,0.0206102319,0.106621444,0.00752692953,0.0803133451
5.623353516,0.254886615,-0.00269747875,0.0984327123,0.103883632,0.00817561661,0.0814553922
5.633300781,0.108824386,-0.0314044915,0.0393326432,0.0336038768,0.00894123307,0.0821580203
5.643247803,0.0487939877,-0.0164099652,-0.0139022917,0.0219451226,0.00891600067,0.0824462937
5.65319458,0.0197947607,-0.0179596581,0.0522439703,0.0465330221,0.00916829316,0.0828015643
5.663141602,-0.166118125,-0.0154861743,-0.0125628673,0.0415222049,0.00951462619,0.0831932162
5.673088867,-0.188414201,0.00363026303,-0.0233087223,0.043586418,0.00918041019,0.0836219456
5.683035889,-0.331478272,0.0155252013,-0.0446743779,0.0342251919,0.00900838278,0.0839883662
5.692981689,-0.22430801,0.0160272066,-0.0143063515,0.0270591564,0.00862018237,0.0843283072
5.702928711,-0.308417276,0.00855996925,-0.0695770606,-0.00239620311,0.00836839328,0.084403543
5.712875732,-0.229692553,0.0230108127,-0.222869158,0.0190001652,0.00668032818,0.0844816801
5.722822754,-0.0698945703,-0.00183964765,-0.0284854844,0.210796237,0.00533741691,0.0855061858
5.732769531,-0.102571974,-0.0206439607,0.10117957,0.377268553,0.00580244837,0.0885637685
5.742716553,-0.199174665,0.000577676692,-0.0356478579,0.420579284,0.00615025149,0.0926151454
5.752663818,-0.386188279,0.0615653954,0.203717053,0.219050437,0.00612555764,0.0962664172
5.762610596,-0.702799163,-0.0479792766,0.0561511219,-0.00795550365,0.00876893223,0.0967132739
5.772557617,0.0398931806,-0.0351923741,-0.151284099,0.0097646378,0.00772219802,0.096778788
5.782504639,-0.128169649,-0.0236259531,0.0175383296,0.0808699206,0.00728651626,0.0971906939
5.792451904,0.0125210434,-0.00542351278,-0.0489184596,0.145330653,0.0069660601,0.0984051371
5.802398682,0.103422234,-0.00363871083,0.043798849,0.0866018981,0.00717996559,0.0996698135
5.812345703,0.257847657,-0.0103711821,-0.0526693687,0.117160074,0.00661696583,0.100635898
5.822292725,0.188050044,-0.00922948495,0.0626883879,0.170438737,0.00710182275,0.10190208
5.83223999,0.25191571,-0.0230560843,0.0854403079,0.268399924,0.00775406095,0.104092673
5.842186523,0.0933610783,-0.0396010391,0.0803847983,0.292178988,0.00874285218,0.106860889
5.852133545,0.00208645089,-0.0201687515,0.0606427789,0.319254816,0.00944441426,0.110007869
5.862080811,-0.168026078,0.0115075037,-0.0665991083,0.242091149,0.00930421294,0.112728116
5.872026611,-0.215220521,0.00480193086,-0.0742732733,0.183221981,0.00852936884,0.114856884
5.881973877,-0.192173773,0.0161402933,-0.103107192,0.2120094,0.00751741855,0.11673126
5.891920654,0.0530409776,0.0118049337,0.119042255,0.180635512,0.00745095983,0.118924274
5.901867676,-0.0622292233,0.0356312618,-0.0483307838,-0.0307454895,0.00790472837,0.119687623
5.911814697,0.0913329335,0.0257519986,-0.0434673168,-0.130623892,0.0077176116,0.11881514
5.921761719,-0.0123643915,0.0276287347,-0.00384918367,-0.156342626,0.00715558086,0.117386268
5.93170874,-0.161391097,0.0256622564,-0.00590035086,-0.190823644,0.00720380874,0.115651531
5.941655762,-0.242412918,0.020709414,0.0666858107,-0.201571539,0.00740674457,0.113724586
5.951602783,-0.391551048,0.0159791075,0.0513587855,-0.174676001,0.00779367429,0.111794883
5.961549561,-0.385880017,0.00458455877,0.0545982756,-0.169031754,0.00832526114,0.110135179
5.971496582,-0.299653174,0.00488975737,0.0140069071,-0.139091432,0.00863722105,0.108573088
5.981443848,0.00254237796,-0.0035207388,0.0222673081,-0.124249555,0.0086865778,0.107245713
5.991390625,0.264902763,-0.0141158588,0.0335175656,-0.115967929,0.00837646493,0.10606876
6.001337646,0.287973258,-0.0114221042,-0.0121669061,-0.275286287,0.00894065694,0.10404614
6.011284668,0.420920423,0.00776091125,-0.0289038066,-0.22358501,0.00836738426,0.101399441
6.021231689,0.439211136,0.0213798713,0.0461100526,-0.268333614,0.0084303685,0.0990566472
6.031178711,0.0990053678,0.0182863437,0.0243690722,-0.419372112,0.00888887704,0.0956755989
6.041125732,0.196081302,0.0579976737,0.118640393,-0.33178398,0.00951694091,0.0917021772
6.051071777,0.493611931,0.0195709225,0.217554718,-0.065093182,0.0109407809,0.0897921732
6.061019043,0.309516908,0.015400636,0.194116279,-0.0548868924,0.0131035482,0.0894662836
6.070966309,-0.110196186,0.0232883878,0.0033772171,-0.277138352,0.0142820608,0.0878292391
6.080913086,-0.0830885445,0.0287051722,-0.0641903207,-0.30605638,0.0137641385,0.0848450299
6.090860107,0.0713791098,0.0283903871,-0.0359664075,-0.160890907,0.0132607128,0.0825064887
6.100807129,0.0321070567,0.0211744271,0.0696756914,-0.0590647757,0.0134447059,0.0814585509
6.110754395,-0.27263796,-0.00403345656,0.0783160552,-0.0692676157,0.0141616524,0.0809295519
6.120701172,-0.612411402,0.0291364156,0.0404434763,-0.178584263,0.01487679,0.0796797598
6.130647949,-0.726664608,0.0295872893,0.00857635587,-0.171905324,0.0150361095,0.0778654777
6.140595215,-0.703543771,0.0234545395,0.0143313799,-0.101018108,0.0150888986,0.0764959223
6.150541992,-0.592411036,0.0105123762,0.0144911688,-0.105538025,0.0151473122,0.0756340416
6.160489258,-0.703941758,0.0223856177,0.000645041466,-0.220503807,0.015227306,0.0740221878
6.170436035,-0.44428654,0.0394650027,0.0195476264,-0.248239294,0.0152644619,0.0716542585
6.180383301,-0.25838286,0.0362312719,0.0338423848,-0.25473091,0.0154645752,0.0691664
6.190330078,-0.158746866,0.0184288397,-0.052675195,-0.208836928,0.0154702311,0.0668240824
6.200277344,0.23256387,0.0275020935,0.0541546382,-0.149034008,0.0152653,0.0650510693
6.210224121,0.227440171,0.0116464309,0.0369860381,-0.130111188,0.0159390922,0.0636253757
6.220170166,0.123366852,-0.0327502787,-0.188341245,-0.0210324321,0.0157269103,0.0627767857
6.230117432,0.615090558,-0.0468775481,-0.450851679,0.22574167,0.0116761655,0.0638332291
6.240063965,1.251791475,-0.0616550744,0.292932004,0.655185997,0.0116243828,0.0683895946
6.25001123,0.60711483,-0.0569964088,0.197959155,0.750917852,0.0141684319,0.0756219004
6.259958252,-0.0109529173,-0.0811886415,0.280385524,0.568826199,0.0166359357,0.0821970809
6.269905273,-0.549325489,-0.0511553735,-0.040831916,0.386427075,0.0180232914,0.0869160394
6.279852051,-0.148542064,-0.0248888992,-0.28381598,0.311720014,0.0163816506,0.0903530095
6.289799072,0.0900523191,-0.0415722691,-0.290956706,0.261682421,0.013094592,0.0931338883
6.299746338,-0.03942096,-0.0271369945,0.214228675,0.316564679,0.0129486454,0.096011655
6.309693115,0.0405822588,-0.0390186869,0.150925323,0.261341363,0.0150997177,0.0989039
6.319640137,-0.128933765,-0.0643033832,0.10309162,0.207713604,0.0162804919,0.101206617
6.329587158,-0.4200291,-0.0413445383,0.0597457401,0.187165722,0.0172451713,0.103057447
6.339534424,-0.442694156,-0.0128389914,0.081461899,0.257355958,0.0179310034,0.105336258
6.349481201,-0.367021733,0.00937683228,0.0137478318,0.284006208,0.0185173293,0.108094028
6.359427979,-0.162893245,0.0138965305,0.0836444721,0.340770632,0.0190104165,0.111289382
6.369375244,0.00783880387,0.037798401,0.140947446,0.303224862,0.0200412864,0.114314133
6.379322021,0.466459282,-0.00965837203,0.30388391,0.403342128,0.0225816298,0.117922337
6.389268066,0.589934782,-0.00772837922,0.181100488,0.43368113,0.024921493,0.122089943
6.399215088,0.499895687,0.00332173286,0.166381121,0.342177391,0.0266527438,0.126276931
6.409162354,-0.0920253727,-0.0127131594,0.0947375447,-0.484947711,0.0289127703,0.125435657
6.419109131,0.173137283,0.0666693971,-0.216717392,-0.720638275,0.0277923159,0.118887094
6.429055908,0.62493661,0.0367873944,-0.016819464,-0.423284382,0.0259980136,0.113053999
6.439003174,0.330191739,0.0190273821,0.226248369,-0.122830369,0.0277283685,0.110478654
6.448950195,0.278100098,0.0143687138,-0.106219061,-0.19153966,0.0282465773,0.109079873
6.458897217,-0.0609142682,-0.00262329401,-0.123726338,-0.326582938,0.0269416127,0.106369931
6.468843994,0.342109775,0.0291231852,0.0254405066,-0.228066519,0.0265606055,0.103459852
6.47879126,0.480023258,-0.039266739,0.0522247069,-0.0529536679,0.0266669584,0.102073903
6.488738281,0.257730826,-0.0272734612,0.150073782,-0.0479312129,0.0283638988,0.10183557
6.498684814,-0.0160839235,-0.0309582874,0.0474072546,-0.109329484,0.0291398952,0.100963592
6.50863208,-0.180550555,-0.0131614469,-0.0520873778,-0.0277573876,0.0291431641,0.100241256
6.518579102,-0.241110457,-0.00382354576,-0.11720898,0.0198203307,0.0283740046,0.100307042
6.528526367,-0.680362291,-0.0471907258,0.0620244257,-0.0581879169,0.0279816843,0.100116294
6.5384729,-0.577231513,0.00071981264,0.029813908,-0.147234768,0.028715841,0.0990459877
6.548420166,-0.365561524,-0.0127730928,-0.152870148,-0.133056089,0.0280549446,0.0976131423
6.558366211,-0.267338027,-0.042195946,0.101396933,-0.202556267,0.028028151,0.0959024026
6.568312988,-0.243733718,-0.0489904657,-0.0389066488,-0.240833357,0.0285988987,0.0936759596
6.578260254,0.198586197,-0.0200087819,-0.175193265,-0.236566886,0.0272706075,0.0912691476
6.588207031,0.310748349,0.0408497751,0.0188742001,-0.333631933,0.0263127733,0.0886425403
6.598154297,0.266465848,0.0969708413,-0.163135663,-0.355704248,0.025833364,0.0850135727
6.608101074,0.42354047,-0.000927493908,-0.41317746,-0.095574677,0.0224964063,0.0828039567
6.618048096,0.564630683,0.00797387306,-0.0678672865,-0.0603886507,0.0206703186,0.082113135
6.627995117,0.349375602,-0.0325410627,-0.0638301969,-0.0103372009,0.0198128365,0.081799125
6.637942383,0.198422897,-0.00131370034,-0.082862772,-0.017019622,0.0190507346,0.0815727233
6.64788916,0.0950236778,0.00351221394,0.00918645691,0.0772743896,0.0186022923,0.0820167451
6.657835937,0.0468859621,0.011867593,0.0165766627,0.0419105366,0.0189341942,0.082603215
6.667783203,-0.0872217719,0.0158476867,-0.0769679397,-0.0306185279,0.0185088554,0.0827376874
6.677730225,0.087837931,0.015343301,-0.0405985601,-0.140393957,0.0178849991,0.0818633289
6.687677246,-0.000577872953,-0.0357792713,-0.13574639,-0.183197081,0.0169448186,0.0802579204
6.697624023,-0.0472568412,-0.0281521138,-0.117018178,-0.174442157,0.0157645857,0.0784065883
6.707571289,-0.262465745,-0.00711260922,-0.112945668,-0.0678416938,0.014513371,0.0771944222
6.71751709,-0.374668887,-0.00197765371,-0.0149374697,0.000243844697,0.0139876874,0.0768755975
6.727464111,-0.345460401,-0.0208818354,-0.024476381,0.0651136562,0.0138116647,0.0772152776
6.737411133,-0.204727404,-0.0281155128,0.0204138625,0.13025485,0.013733382,0.0782635408
6.747358154,-0.100638814,-0.0161930732,-0.0145782102,0.10202267,0.013718103,0.0794360674
6.757305176,0.037445349,-0.00972423516,-0.0314591229,0.0398218893,0.0135422484,0.0801523269
6.767252197,0.295886807,0.000191246159,-0.0929315388,-0.000664550811,0.0129116617,0.0803224899
6.777199219,0.398837479,0.00160323293,-0.134277701,-0.00109732337,0.0117694793,0.0802918659
6.78714624,0.455792122,-0.000243136659,-0.194115207,0.0380439535,0.010192954,0.0804390856
6.797093018,0.524449917,0.00895562302,-0.0784991682,0.116602391,0.00854325127,0.0812018782
6.807040283,0.395934012,0.0218266807,0.0996820182,0.0584504083,0.00851894508,0.0822605996
6.816987061,0.181719672,0.0303463545,-0.0510632396,-0.0568524897,0.00894053429,0.0822061841
6.826934326,0.286891527,-0.0158672128,-0.273922145,-0.0281406827,0.00721425841,0.0817597968
6.836881104,0.406257034,0.0555399656,-0.00895174965,-0.036101114,0.00570312087,0.081265248
6.846828125,-0.0264025615,0.0581197701,-0.158609152,-0.00371947186,0.00542995669,0.081090988
6.856775146,0.101070557,0.0171854589,0.202553228,-0.0888871476,0.00470900592,0.0807523415
6.866722168,-0.216543952,0.0235011447,-0.0686149076,-0.185149238,0.0055402287,0.0797028478
6.876669189,2.16273E-5,0.06137117,-0.141868785,-0.350485027,0.00442901831,0.0766152208
6.886615967,-0.0523682659,0.0340844244,-0.0578990504,-0.315121174,0.00362373248,0.0731400346
6.896562256,0.0869090526,0.0266366247,-0.0498051681,-0.0947560519,0.00286020832,0.0711475986
6.906509033,0.128711866,0.0261444729,-0.00983671471,0.130497575,0.00265785811,0.0713519832
6.916456299,0.135955554,0.0126584861,0.0244534649,0.272069156,0.00259690208,0.0734082813
6.92640332,0.145173756,-0.00764678465,0.0916191787,0.310569406,0.00319045017,0.0763860459
6.936349854,0.170089002,0.00348634971,0.0458817892,0.23795554,0.00382285103,0.0791180396
6.946297119,0.406288014,0.011287814,0.0659175441,0.187419921,0.00448391628,0.0812531097
6.956244141,0.585410363,-0.0107076569,0.0453216247,0.137923762,0.0050088717,0.082784759
6.966191162,0.599287205,-0.0162291899,0.0418030545,0.109054044,0.00538224982,0.0840056828
6.976137939,0.500073455,-0.012509712,0.0499661639,0.0740484148,0.00590210311,0.0849087671
6.986085205,0.305195757,-0.0278034471,2.01771E-5,0.0430247188,0.00602563482,0.0854703218
6.996032227,0.0588617927,-0.00146677846,-0.0520785041,-0.00603393465,0.00591803876,0.0856050316
7.005979248,-0.213240161,0.00950065162,-0.0393608436,0.0415250584,0.00525450539,0.0857060216
7.015926025,-0.314241671,0.00202229945,0.0282460749,0.136971116,0.00523284451,0.0866100339
7.025873047,-0.37850262,-0.000756442663,-0.0219190903,0.119381458,0.00534575784,0.0880124056
7.035820313,-0.235658768,0.0260482859,0.0279212054,0.128910124,0.00537135346,0.0891245406
7.04576709,-0.119113067,0.00562610105,0.0411107764,0.25546965,0.00550029376,0.0909761145
7.055713135,0.204925776,-0.0706966445,0.106260978,0.497401446,0.00659102773,0.0947688617
7.06565918,0.320925314,-0.115107246,-0.019610662,0.804463685,0.00687381236,0.10110422
7.075606201,-0.708804103,0.0868831724,0.321196854,0.278680503,0.00741256233,0.107233524
7.085553467,-1.096124601,0.0350301005,0.266525328,-0.288335502,0.0110220639,0.106506259
7.095500244,-0.235560349,-0.0289894883,-0.518652499,-0.182408646,0.00937598244,0.104189164
7.105447266,-0.419831386,0.0063719647,0.0342098959,-0.0807288811,0.0064047872,0.102801604
7.115394287,-0.68375639,-0.00459713396,0.00243660877,0.0136717046,0.00705142362,0.102299072
7.125341553,-0.0724708505,-0.000293199322,0.0473915674,0.0596799441,0.00722572592,0.102791555
7.135288086,-0.201399501,-0.00535242818,0.0182553083,-0.0431600995,0.00764174737,0.102782273
7.145235107,0.0730634096,0.0109599661,0.03975714,-0.0126804877,0.00778202248,0.102478293
7.155182373,0.288159647,0.00232748687,0.0592763945,-0.0599663295,0.00837527215,0.102163048
7.165129395,0.402651265,0.00837845542,0.03599957,0.000893027056,0.00859268346,0.101781527
7.175076172,0.441805683,0.00597962691,-0.0210794546,0.0119228791,0.00875968633,0.101929712
7.185023193,0.29388482,0.0122990413,0.0362400264,0.0277407244,0.00881944379,0.102151702
7.194970459,0.122116852,0.00832645316,0.0296650622,0.0115822051,0.0091035659,0.102352749
7.204917236,-0.0244201555,0.0148402788,0.0371583998,-0.0156598017,0.00936010551,0.102317784
7.214863281,-0.148262005,0.0105720581,0.00459348271,-0.038087938,0.00961962971,0.102093655
7.224810303,-0.157037943,0.0170557909,0.0278114527,-0.00782883354,0.00968989055,0.101868979
7.234757324,0.0231135299,-0.00888947584,0.0130078513,0.0765230134,0.0100605231,0.102205181
7.244704346,0.235084037,-0.0144376401,0.0899508372,0.0684096888,0.0105652554,0.103118788
7.254651123,-0.0263737007,-0.00283710519,0.0400561616,-0.0233730115,0.0111877137,0.103191307
7.264598389,0.11262502,-0.0180783756,0.0369543731,0.0448401347,0.011577918,0.103266508
7.27454541,-0.0824034118,-0.00963321421,0.0832638517,0.0248452555,0.0120024242,0.103629494
7.284492187,-0.429648066,-0.016411759,0.0166222397,-0.0387731344,0.0124694665,0.103544034
7.294439209,-0.585833411,-0.0131542673,0.0116143357,-0.0263401922,0.0125953321,0.103148897
7.30438623,-0.415582642,-0.0216140654,0.00568720419,0.00290184957,0.0126032002,0.103068417
7.314333496,-0.394800917,-0.0305585451,0.0615241379,-0.0345194228,0.0128915201,0.102959206
7.324280273,-0.325751638,-0.0146573447,-0.0663318336,-0.0621630326,0.0130061036,0.102352422
7.334227295,0.136131349,-0.00375231868,-0.0834691003,0.0342558883,0.0121163186,0.102178741
7.344174316,0.300896671,0.0271858908,0.0132691627,-0.00250265747,0.011784087,0.10245632
7.354121582,0.253538562,0.0181325339,-0.0232916325,-0.108489998,0.0117983,0.101789304
7.364068115,0.435842902,0.0184542462,-0.0334920697,-0.0377151631,0.0114638761,0.100965766
7.37401416,0.507425864,0.033559598,0.0193052888,0.0178011451,0.0112943038,0.10094085
7.383961426,0.22762035,0.00985853374,-0.0134638445,0.0351074338,0.0113585201,0.101264656
7.393908203,-0.120283718,0.0255674217,-0.00698154373,-0.000110622263,0.0113266731,0.101418375
7.403855469,-0.27419878,0.0169608835,-0.0162251089,0.00414644089,0.0110714234,0.101424734
7.413802246,-0.363826444,0.0130489226,0.0776556209,-0.0313140899,0.0115087872,0.101363911
7.423749268,-0.339075011,0.00469751563,0.00576384971,-0.133950993,0.0119743738,0.100526671
7.433696289,-0.0156007431,0.00639770087,-0.0195790362,-0.13696456,0.0117107782,0.0991421775
7.443643311,0.299174962,0.00143276958,0.0396003984,-0.0183614809,0.011712268,0.0983384985
7.453590332,0.405879068,-0.000398669858,0.0565141924,0.0294731669,0.0122440996,0.0985084528
7.463537354,0.157104286,-0.0205707829,0.0181444325,-0.0331428088,0.0127299625,0.0984698781
7.473484375,-0.061603931,-0.0163008403,-0.0300980695,-0.0377642959,0.0126961741,0.0980315833
7.483431152,-0.188539581,-0.0285846721,0.00681174546,-0.00607427862,0.0126538604,0.0977665254
7.493378418,-0.508335307,-0.0184510238,-0.0366068408,-0.0540565699,0.0125972119,0.0975344917
7.503325439,-0.700894572,-0.0104721924,-0.0406820066,-0.0168096013,0.0120497494,0.0970770451
7.513272217,-0.506892414,-0.00798787922,-0.0681699514,0.034822125,0.0114347701,0.0972223834
7.523219238,-0.346869829,-0.00409007724,-0.00336032594,0.00322132255,0.0111107041,0.0975351548
7.53316626,-0.0784031632,0.00482866773,-0.0482962802,-0.0274627935,0.0108941153,0.0973069006
7.543112305,0.374395257,-0.0253745075,-0.235800669,0.0950713828,0.00989564816,0.0975516985
7.553059326,1.045951507,0.0189093705,0.091129452,0.292251676,0.00840428804,0.0992518867
7.563006104,0.458534626,0.0188363995,0.352072388,0.119173117,0.0116049272,0.101558469
7.572953369,0.37958457,-0.00394466426,-0.170143023,0.031791117,0.0120685662,0.102239372
7.582900146,0.311726839,0.0058903899,-0.102746151,-0.0700718686,0.0105357309,0.102047936
7.592847412,-0.0242089239,0.000540837413,-0.14870207,-0.080502741,0.00930782883,0.101235081
7.602794189,0.206291073,-0.0178730581,-0.0132752731,0.0438295901,0.00823246589,0.101041653
7.612741211,0.142563866,0.000206872122,0.0491842255,0.114971206,0.00861548769,0.101994487
7.622688232,0.0991520828,-0.00298519293,-0.02242551,0.0536239594,0.00878940622,0.102851754
7.632635498,0.064632412,0.00311073335,0.0566822477,0.00286630052,0.00882715167,0.103132648
7.642582275,-0.0219395907,0.00322924415,-0.0323879756,-0.0558566675,0.00906188093,0.102878864
7.652529053,0.101430914,0.00691843033,-0.0657030344,0.00675721746,0.00840237911,0.102548475
7.662476318,-0.00309350904,-0.00165188813,0.0333985165,0.084903419,0.00842669085,0.103123454
7.672423096,-0.245090394,0.036559023,-0.0435430482,0.0540796295,0.00825415225,0.103764399
7.682370361,-0.0182972156,0.0138316043,-0.0648179799,0.172740772,0.00796756389,0.104740408
7.692316162,0.847379557,-0.00388328079,-0.211450726,0.623991072,0.00644586099,0.108379748
7.702263184,1.870523823,-0.0661434606,-0.149426788,1.238680601,0.00448369419,0.117754844
7.712210449,2.269410328,-0.141762316,-0.314847678,1.605834246,0.00289050528,0.1320522
7.722156982,2.685330094,-0.174123988,0.224836871,1.79783988,0.00100682841,0.148981254
7.732104248,1.238233928,0.208843842,1.153183579,1.377617836,0.00916969922,0.165563761
7.74205127,-1.443512462,0.222650737,0.251576841,-0.252801061,0.0169604698,0.171358573
7.751998535,-0.597483078,0.177519873,-0.0989178568,-0.834662318,0.016681369,0.16539743
7.761945068,-0.967263024,-0.0107677383,0.0681425035,-1.043035507,0.0167049601,0.156058129
7.771892334,-1.220382629,-0.00600945065,0.0339658111,-1.603908658,0.0173065077,0.143164515
7.781839355,-1.554646148,0.0737056136,-0.152599007,-1.804125905,0.0166319573,0.125659908
7.791786133,-1.235781566,0.0399940163,-0.65075618,-1.068610549,0.0118668068,0.110768724
7.801733154,-1.30130457,-0.0200512093,-0.147907421,-0.217390805,0.00832046164,0.104999737
7.811680176,-0.911262539,-0.0204828847,-0.176052555,-0.23248966,0.00626093038,0.103121567
7.821627441,-0.477193588,0.0175140314,-0.0547482371,-0.260386795,0.00517129011,0.100372994
7.831574219,0.134565853,0.0307064597,0.0195933115,-0.00797548518,0.00513982676,0.0989970433
7.84152124,0.55801353,-0.0153201567,0.163737178,0.0681778714,0.00613898526,0.0995770093
7.851467285,0.229173936,0.012277239,-0.125901282,-0.0480676182,0.00638531096,0.0996602331
7.861414307,0.32611806,0.035583362,-0.0721893087,-0.0521339998,0.00525874353,0.0991060316
7.871361328,0.0756756379,0.0197923575,0.0395494699,-0.215815216,0.00511857125,0.0978846084
7.881308105,-0.403902288,0.0370040983,0.0763698071,-0.636462808,0.00572648091,0.0938234572
7.891255371,-0.703805491,0.0670474172,-0.154231787,-1.099662542,0.00548385645,0.0850879843
7.901202393,-0.554988702,0.0846692845,-0.145048663,-1.302595735,0.00359247057,0.0730800886
7.911149414,-0.36332803,0.0724631548,-0.00408583041,-1.444471717,0.00301893708,0.0594519322
7.921096191,0.0288379719,0.0549278371,-0.0837673396,-1.254771829,0.00246770271,0.0456353253
7.931043213,0.50239598,0.0118376398,0.111029491,-0.449489385,0.00255611341,0.0369563194
7.940990479,0.699667734,0.00397199392,0.389133543,0.291805476,0.00422699518,0.0363811359
7.950937012,0.14428342,-0.035503719,-0.260401577,0.741460681,0.0057458955,0.041656624
7.960884277,0.0589356251,-0.0709823593,-0.0928035378,1.279483199,0.00368012489,0.0516565062
7.970831299,0.431472432,-0.0883575454,0.045096986,1.812268138,0.00372623299,0.0671960887
7.980778564,0.395966453,-0.148291722,0.240447313,2.051990509,0.00500059868,0.0867660753
7.990725098,-0.466586854,-0.118989766,0.481150448,1.526726007,0.00904670407,0.105233917
8.000672363,-2.870368389,-0.0748233721,-0.162975833,-0.668205798,0.0119853378,0.108625153
8.010618408,-0.363953285,0.0362333171,-1.209778786,-0.893788099,0.00512348155,0.100093327
8.020565186,1.42733275,-0.0583669581,0.161052451,0.117144614,-0.000543510086,0.0961195644
8.030512451,1.108646228,0.00901596807,0.291739345,0.418315887,0.00257039172,0.0994662048
8.040459229,0.769904322,0.019943716,0.349553913,0.103615731,0.00568086995,0.102200002
8.050406494,0.309921908,0.0251339804,-0.0768207833,-0.105004653,0.00736259252,0.102031636
8.060353271,0.865844238,0.00646868395,-0.505134821,-0.168917328,0.00425006255,0.100729863
8.070301025,0.647288362,-0.000562575529,-0.184643328,-0.238420501,0.000281755195,0.0985742674
8.080247803,0.526231979,0.0220790878,-0.0023544766,-0.0899149105,-6.30799E-5,0.0968264808
8.090194824,1.020947195,0.0207566228,-0.00268456293,-0.0268495735,-0.000308738898,0.096367921
8.100141846,0.811020469,-0.000129218795,0.0378958844,-0.0136541445,-9.81208E-6,0.0961701694
8.110088867,0.782355442,0.0184300244,-0.0191843249,-0.0440579355,1.38788E-5,0.0959009307
8.120035889,0.767349669,-0.000134605449,-0.0853034183,-0.078951478,-0.000525583265,0.095252823
8.12998291,0.919034415,0.0375039801,-0.171867549,0.205482945,-0.00197048386,0.0956311477
8.139929932,0.803497526,0.0244062878,0.398497939,0.138371289,-0.000453955398,0.0976990342
8.149876953,1.859797846,-0.183314353,-0.19854562,-0.132508591,0.00144737238,0.0980832186
8.159823975,7.573156204,-0.455877453,-0.60389632,-0.490068078,-0.00394471179,0.0942860437
8.16977002,6.469645511,-0.558265924,-0.333749533,-0.243525937,-0.00705706373,0.0905537863
8.179717041,7.273792733,-0.38743028,0.0114912074,0.133539319,-0.0087519697,0.0901242719
8.189663818,5.492209177,-0.0261291265,0.166567057,0.16787304,-0.00740361642,0.0918864746
8.19961084,3.167897922,0.05408049,0.0275409836,0.0119058108,-0.00647780366,0.0928069202
8.209558105,1.406348268,0.0140939299,-0.0236288439,-0.0318356082,-0.00654203296,0.0926214022
8.219504883,0.398434012,0.0390725173,0.0690012276,0.0142048541,-0.00632474928,0.092488056
8.22945166,-0.2308662,-0.0235118493,0.0207748953,-0.00157100428,-0.0058669808,0.0926337083
8.239398926,-0.739074665,0.00146673911,-0.0336358808,-0.0432324335,-0.00590364404,0.0923691914
8.249345947,-0.953279068,0.0342696942,-0.0772664472,-0.0537505858,-0.00652704457,0.0918407026
8.259292969,-0.78971808,-0.000865657348,-0.0283585619,-0.00499769347,-0.00708972898,0.0915196402
8.269239746,-0.532120964,0.00832107197,0.0399547219,0.060640417,-0.00703886197,0.0918027141
8.279187012,-0.150951024,-0.0213457439,0.0799351633,0.0967914909,-0.00641068438,0.0926345994
8.289134033,0.15616664,-0.0213041473,0.0643874779,0.0869603753,-0.00564880126,0.093560392
8.299081055,0.565352056,0.0168339163,-0.0114228679,0.0245180409,-0.00539801832,0.0941812476
8.309027832,0.834457239,-0.00226653623,-0.023066327,-0.021633273,-0.00559536735,0.0941410846
8.318973877,0.930706221,-0.00440718513,-0.0118733272,0.00317487167,-0.00576813254,0.094037072
8.328921143,0.905522534,0.00532532763,-0.0107431132,-0.00316305785,-0.00583435461,0.0940784884
8.338867676,0.756823307,0.00821539015,-0.0106975734,-0.027188234,-0.00596661699,0.0939140537
8.348814941,0.517506674,0.0124060092,-0.0199252181,-0.0235786159,-0.00614651959,0.0936487795
8.358761963,0.288482084,0.00832870975,-0.0114976447,-0.0044597825,-0.00630334785,0.0935180896
8.368709229,0.0758651691,0.00362724019,0.00663002208,-0.000985268271,-0.00632698037,0.0935046121
8.378655762,-0.0607396423,-0.00850212667,0.0105746966,0.00887029152,-0.00623486326,0.0935060809
8.388602783,-0.146033661,-0.0131030036,0.010005312,0.0321758799,-0.00609347772,0.0936899193
8.398550049,-0.0852647195,0.00876527652,0.00446034502,0.00793232676,-0.00600289955,0.0938754898
8.408496826,-0.0795928113,0.00368663389,-0.0160082951,-0.0237487014,-0.00607748993,0.0937054302
8.418443848,-0.000452712204,-0.00406263256,-0.0126553755,0.0110151377,-0.00624397165,0.0935809643
8.428390869,-0.0585587181,0.00358262053,-0.00168114435,0.0223559011,-0.00631652781,0.0937907537
8.438338135,-0.295845087,-0.011514307,-0.00966849737,-0.00513937371,-0.0063617422,0.0938407064
8.448284668,-0.407635556,-0.0196131803,0.00317409355,0.0297373999,-0.00638620825,0.093962185
8.458231689,-0.416646838,0.000271045254,0.0260112323,0.0262374729,-0.00621579172,0.0943113082
8.468177979,-0.116939084,0.0308605935,-0.0114997728,-0.0509153083,-0.00606888476,0.0941410338
8.478124756,0.374095763,-0.0109867211,-0.0293520056,0.00371970632,-0.00638269454,0.0938420783
8.488072021,0.584674158,0.00053710409,0.00731507409,0.0216665622,-0.00644755209,0.0940605671
8.498018799,0.577724996,-0.00448615057,-0.000971884001,-0.0162419379,-0.00641284743,0.0940384977
8.507966064,0.664658891,-0.0116957948,-0.00629577925,0.0164710172,-0.00646970009,0.0940072775
8.517912842,0.784530156,0.00261896243,0.0161674507,0.0339892916,-0.00641153036,0.0943149959
8.527859863,0.7550354,-0.0108390646,0.019670276,0.0101954062,-0.0062170243,0.0945585701
8.537806885,0.754437362,-0.0025803356,0.00925039127,0.00411247928,-0.00607517946,0.094650589
8.547753906,0.784314321,-0.00386115583,-0.0127713969,-0.00537671614,-0.00606844576,0.094676063
8.557700928,0.758676533,0.00563088246,-0.0132113518,-0.0228941888,-0.00621709181,0.094517695
8.567647705,0.573603898,-0.00213499786,-0.0154464319,-0.0308679976,-0.0064274195,0.0941987976
8.577594971,0.465335904,0.0116961291,-0.00157642365,-0.00856109522,-0.00650753762,0.0939760385
8.587541992,0.27412345,-0.00758055551,0.00300906645,0.0046709762,-0.0064796171,0.0939325535
8.597489014,0.257295357,-0.00149416772,0.00503519922,0.00669204909,-0.00644860002,0.0939561824
8.607435791,0.296601824,-0.0136116026,0.0089952033,0.00995527953,-0.00636877815,0.0939972127
8.617381836,0.434273899,-0.00896358676,0.00476077758,0.0413105413,-0.00626085541,0.0942123469
8.627328857,0.473014402,-0.0012197179,0.00888450444,0.0244676918,-0.0061910497,0.0945479434
8.637275879,-0.0081981387,0.00344081409,-0.00312688434,-0.0129031157,-0.00619012198,0.0945195357
8.647223145,-0.0185481217,-0.00354982028,0.00199266849,0.00600816822,-0.00619928023,0.0944403422
8.657169922,-0.0108746644,0.00159700471,0.00548993144,0.00671230815,-0.00615243943,0.0945059554
8.667116699,0.0249092542,-0.00113888353,-0.00182237709,-0.00702162087,-0.00613766649,0.0944620758
8.677063965,0.134597271,0.00179805048,0.00124744838,0.00352795864,-0.00613492035,0.094431791
8.687010742,0.0946288332,-0.00367181608,0.0129696187,0.0151992626,-0.00607329766,0.094522196
8.696958008,-0.367868121,-0.00360710127,0.00716792187,0.020633975,-0.00595460889,0.0946788355
8.706904785,-0.882976575,-0.00549375452,-0.0143026616,0.00541352481,-0.00597624882,0.0947650885
8.716852051,-1.002205961,0.0042062765,-0.0138374083,0.00435758149,-0.00612699045,0.0948143158
8.726798828,-0.80859989,0.0191598572,0.0366556831,0.0566027239,-0.00598980586,0.0950570157
8.736746094,-0.434503178,-0.01299382,-0.0247408319,-0.0703893155,-0.00618330893,0.0950419563
8.746692871,0.215147602,0.00441391999,-0.0194338653,-0.0169272274,-0.00634739759,0.0944977332
8.756639893,0.643404579,-0.00777669996,0.00680812448,0.0175806805,-0.00640883558,0.0945737792
8.766586914,0.632464813,-0.00743213436,0.00798660703,0.00599699141,-0.00631916976,0.0946794158
8.776532715,0.636582551,-0.0058611352,0.0135483518,0.0180424675,-0.00621885047,0.0948099702
8.78647998,0.488891405,-0.00363635272,0.0118112275,0.0239177197,-0.00607226647,0.095085985
8.796427002,0.329443113,0.000718714495,0.000981483143,0.00692062732,-0.00599546624,0.0953072844
8.806373779,0.165748927,0.00176808739,-0.00736195967,-0.00227370556,-0.00605119425,0.0953542268
8.816320801,0.0269691824,0.00392205222,-0.0048585888,-0.00196531159,-0.00611246155,0.09536282
8.826267822,-0.0515733892,0.00588866603,-0.00124713453,-0.00189903076,-0.00613789224,0.0953339255
8.836215088,-0.0945982189,0.00724288356,0.00273482408,-0.0016726621,-0.00612437184,0.0952798564
8.846161865,-0.0873582577,0.00451672636,0.00635541789,0.00357472384,-0.00608716068,0.0952550867
8.856108887,-0.0630836482,0.0060115587,0.00212525297,0.00193767878,-0.0060547659,0.0952585026
8.866055908,-0.0168294812,0.00553132081,-0.0051280451,-0.00249137683,-0.0060777479,0.0952295013
8.876003174,0.0476782815,0.00474142749,-0.00725537771,-0.0024026935,-0.00612536495,0.0951849354
8.885949951,0.11614786,0.00195522839,-0.0105534364,0.00198859256,-0.00619829962,0.0951783436
8.895896729,0.0742306267,0.00165855221,0.00534323789,0.0257466529,-0.00625174452,0.0952837173
8.905843994,-0.00604359101,0.00249898038,0.103427969,0.0692400485,-0.00563379624,0.0959205244
8.915790771,0.0416197121,0.0196441449,0.101698242,0.0794759095,-0.00475110736,0.0966030708
8.925737061,-0.0720071055,0.0139858536,0.242281362,0.14105922,-0.00305344454,0.0976862638
8.935683838,-0.0893695975,0.0220328625,0.378987283,0.224134922,-2.41922E-5,0.099495121
8.945630859,-0.00607975831,0.0343304127,0.463988304,0.283305466,0.00430343532,0.102050363
8.955578125,0.0483564,0.0189607777,0.0702207461,0.0839100704,0.00787365459,0.104332813
8.965524658,-0.0119709352,0.00202740449,0.026423106,-0.0841492862,0.00747236253,0.103946865
8.975471924,-0.259791631,-0.00217905873,-0.0332399569,-0.0257224608,0.00747849649,0.103469146
8.985418945,0.0573354599,-0.00774528598,-0.00365321292,-0.0415090807,0.00745948348,0.103166943
8.995365967,0.162919256,-0.00446693506,-0.243264481,-0.148148179,0.00633780571,0.102317087
9.005312744,0.146420907,0.00155508635,-0.521950603,-0.299518228,0.00241963433,0.100043253
9.01526001,-0.122313032,0.0135222664,-0.623246372,-0.381311625,-0.0034886138,0.0965795809
