time,accel_y,gyro_z,gyro_y,gyro_x,roll,pitch,position,gyro,pitch_delta,cumulative_pitch,roll_delta,cumulative_roll,tilt
1.452384521,-0.0499022412,0.0555369183,-0.00423328765,-0.00451281015,0.0144806664,0.0738970825,0.0,0.055880546472260456,0.0,0.0,0.0,0.0,0.0
1.46243042,0.16572635,0.0273936931,0.0149087152,0.153897598,0.014341759,0.0745550961,0.3446758475980811,0.15702596881007072,0.0006580135999999931,0.0006580135999999931,-0.00013890739999999901,-0.00013890739999999901,0.0006725155489352723
1.472477539,0.097521559,0.0156962909,0.019918602,-0.00350737059,0.0145890004,0.0753844615,0.6987768141949716,0.02560128711817872,0.0008293654000000039,0.001487378999999997,0.0002472413999999989,0.00010833399999999986,0.0014913190621718047
1.482524414,-0.0419551546,0.0230522081,-0.0329557993,-0.0327720493,0.0144158104,0.0748627186,1.0607609362364874,0.051879632044851826,-0.0005217428999999968,0.0009656361000000002,-0.00017319000000000015,-6.485600000000029e-05,0.0009678116440502307
1.492570313,0.457893479,0.0170680862,0.0474426374,0.144122824,0.0144653911,0.075587953,1.4343788954993193,0.15268762820783316,0.0007252343999999966,0.0016908704999999968,4.958070000000113e-05,-1.527529999999916e-05,0.001690939497013518
1.502617432,0.0343482598,-0.0137199219,0.052702114,-0.00529994443,0.0150385674,0.0764682825,1.8305222109009271,0.054715980188352505,0.0008803294999999989,0.0025711999999999957,0.0005731762999999987,0.0005579009999999995,0.0026310307800937976
1.51266333,0.0709712596,-0.00443008309,0.049065657,0.0462968946,0.0150473742,0.0764337689,2.241407395714463,0.06760522748005114,-3.451359999999404e-05,0.0025366864000000017,8.806800000000364e-06,0.0005667077999999999,0.0025992182714281247
1.522710205,0.20611294,0.00506834732,0.0267619491,0.0790836066,0.0154659836,0.077353935,2.661797909596246,0.08364273367753294,0.0009201660999999944,0.003456852499999996,0.0004186094000000005,0.0009853172000000004,0.003594534627927802
1.532756104,-0.148489968,-0.00360263698,-0.00919827446,-0.0255697202,0.0158257708,0.077510895,3.090431633363308,0.02741163689671669,0.00015695999999999766,0.0036138124999999938,0.0003597871999999995,0.0013451043999999999,0.0038560273121511428
1.542803223,0.182119339,-0.00491237966,0.00446747104,0.0717155561,0.0157614525,0.077991477,3.5213761132787553,0.07202229348020978,0.00048058200000000717,0.004094394500000001,-6.431830000000124e-05,0.0012807860999999986,0.004290044213709628
1.552849365,-0.22045623,-0.00803660229,-0.0493712276,-0.140369266,0.0157316406,0.0774200262,3.9521622602831274,0.14901555599492755,-0.0005714507999999979,0.003522943700000003,-2.9811899999999253e-05,0.0012509741999999994,0.0037384580728470596
1.56289624,0.160572182,-0.009431699295,0.00112603465,-0.00567909237,0.0158531307,0.076644743,4.380548649513063,0.011066932536674123,-0.0007752832000000043,0.0027476604999999987,0.00012149009999999974,0.0013724642999999991,0.0030713672001300546
1.572942383,0.1974428,-0.0108267963,-0.0677244365,0.0388119668,0.0160283289,0.0768345068,4.816282265827049,0.07880474341211022,0.00018976379999999238,0.002937424299999991,0.0001751982000000006,0.0015476624999999997,0.0033201988994842895
1.582989502,0.00050583063,0.0182384104,0.0095487833,-0.0582711734,0.0158806358,0.077032045,5.265819764898349,0.0618008780345559,0.00019753819999999978,0.003134962499999991,-0.0001476930999999987,0.001399969400000001,0.0034333517439002017
1.5930354,-0.0780783882,0.00408690609,-0.0660964474,-0.0433939546,0.015536483,0.0760653979,5.718282312457708,0.07917372326799028,-0.0009666470999999954,0.0021683153999999955,-0.0003441528000000006,0.0010558166000000004,0.002411709013689815
1.60308252,0.211811444,0.0195002165,0.0338948704,0.0977304056,0.0154001712,0.0767124179,6.172190338031479,0.10526325504049446,0.0006470199999999982,0.0028153353999999936,-0.00013631180000000034,0.0009195048000000001,0.0029616891281355247
1.613128418,-0.368266399,0.0410796776,0.0176799186,-0.117649101,0.0151383606,0.0764438264,6.625481233978567,0.125862744287302,-0.0002685914999999983,0.0025467438999999953,-0.00026181060000000055,0.0006576941999999995,0.0026302977308473702
1.623175537,-0.0195351599,0.0042502908,-0.0843891874,0.054782059,0.0151556421,0.0761607935,7.065355082516407,0.10070091315472945,-0.0002830328999999937,0.0022637110000000016,1.728150000000067e-05,0.0006749757000000002,0.0023621980626339313
1.633221436,-0.128334557,0.037467964,-0.043153666,-0.0347787477,0.0147799871,0.07646555,7.491917481007574,0.06690028779553275,0.0003047564999999891,0.0025684674999999907,-0.0003756550000000008,0.0002993206999999994,0.002585849605063042
1.643268311,-0.165407785,0.0342287607,0.0383968502,-0.00963610783,0.0146669713,0.0760408281,7.907590473391751,0.05233336162000767,-0.0004247218999999941,0.0021437455999999966,-0.00011301579999999957,0.00018630489999999986,0.002151825902177812
1.65331543,0.103372842,0.0228502061,-0.000129676424,-0.0127867786,0.0146541189,0.0759216305,8.314466770153214,0.026184927759167802,-0.00011919759999999557,0.002024548000000001,-1.2852399999999098e-05,0.00017345250000000076,0.002031964658664184
1.663361328,-0.0134996792,0.0164777953,0.00395001983,-0.11014609,0.0145120365,0.0752324546,8.721982377933008,0.11144183028331058,-0.0006891759000000053,0.0013353720999999957,-0.0001420824000000001,3.137010000000065e-05,0.0013357405169539512
1.673408203,0.0806122175,0.0380633138,-0.0403252095,-0.0591688082,0.0141146531,0.0743592227,9.133423261934391,0.0810918383221428,-0.0008732318999999933,0.00046214020000000244,-0.0003973834000000013,-0.00036601330000000064,0.0005895246392076693
1.683454102,0.0369097078,0.0454621091,-0.0152118662,-0.0469491631,0.0139896335,0.0739299436,9.549393698909016,0.06710013526735552,-0.000429279099999999,3.286110000000342e-05,-0.00012501959999999986,-0.0004910329000000005,0.0004921312434459132
1.693501465,0.0215717073,0.0332728177,0.0453209542,-0.017525468,0.0138174899,0.073524475,9.969781358010048,0.05889152159619375,-0.0004054686000000002,-0.00037260749999999676,-0.00017214359999999894,-0.0006631764999999994,0.00076068352105754
1.703547363,-0.0649085986,0.0285901856,0.0163481589,-0.000104933046,0.0142931744,0.0736326189,10.390482730528813,0.032934359307662864,0.00010814389999999618,-0.0002644636000000006,0.00047568450000000026,-0.00018749199999999917,0.00032418242671212143
1.713594482,-0.180648536,0.0186448134,0.00504335389,-0.111355312,0.0141867611,0.0729063602,10.804084037852471,0.11301800739615764,-0.0007262586999999959,-0.0009907222999999965,-0.00010641330000000018,-0.00029390529999999936,0.001033397794213522
1.723640381,0.12528043,0.0220299568,0.0224090293,0.0366778299,0.0143457475,0.0725309985,11.210187042293787,0.048298517544035025,-0.000375361700000007,-0.0013660840000000035,0.00015898639999999999,-0.00013491889999999937,0.0013727303466570626
1.733687256,0.223307163,0.009468887,0.00492746104,0.063736707,0.0149665903,0.0731444282,11.62358768355354,0.06462435696023085,0.0006134297000000011,-0.0007526543000000024,0.0006208428000000002,0.0004859239000000008,0.0008958853341246884
1.743733398,0.137841368,-0.0142702647,0.0406734757,0.0591078699,0.0150803911,0.0736929026,12.054524297224873,0.07315539873612803,0.0005484743999999986,-0.00020417990000000386,0.00011380079999999924,0.0005997247000000001,0.0006335291211571111
1.753780518,0.159061923,0.0188045986,0.0299685709,0.0298909079,0.0153620036,0.0741949605,12.501791515057944,0.046316244940428096,0.0005020579000000053,0.0002978780000000014,0.00028161250000000027,0.0008813372000000003,0.0009303153029956249
1.763826416,0.183145833,0.01722854,0.117578581,0.145243868,0.0158029445,0.0751734594,12.964822038086984,0.18766279996873803,0.0009784988999999994,0.0012763769000000008,0.0004409408999999989,0.0013222780999999992,0.0018378132017681285
1.773873291,-0.108667369,0.0172310714,-0.064399153,-0.102258809,0.0159829795,0.0755386804,13.43821098454404,0.12206975361164529,0.0003652209999999989,0.0016415978999999997,0.000180035000000002,0.0015023131000000012,0.0022252614039065216
1.783919434,-0.0535930585,0.0138499215,0.0231208391,0.00958170276,0.0159135206,0.0749426883,13.909393028427113,0.028604240140672196,-0.0005959920999999979,0.0010456058000000018,-6.945889999999955e-05,0.0014328542000000017,0.0017737989309533618
1.793966309,0.132728628,-0.0171908177,0.0185224228,0.113226287,0.0158859311,0.0755877116,14.378552111078596,0.11601205294012756,0.0006450232999999916,0.0016906290999999934,-2.758950000000121e-05,0.0014052647000000005,0.0021984075215557464
1.804012207,-0.204705922,-0.000101847108,-0.00275010942,-0.0444083437,0.0161336302,0.0761537376,14.847842915233116,0.04449353284279312,0.0005660259999999973,0.0022566550999999907,0.0002476990999999984,0.0016529637999999989,0.0027972811021537334
1.814059326,-0.0673573069,0.0166701432,-0.0317322537,-0.0328397341,0.0157421161,0.0755856144,15.30867454088675,0.04861355505358945,-0.0005681231999999925,0.0016885318999999982,-0.0003915141000000004,0.0012614496999999985,0.0021076990589141732
1.824106445,0.237582356,0.0119502228,-0.0363661535,0.0553665571,0.0154846942,0.0758894528,15.766985248093949,0.06731092474823654,0.00030383840000000606,0.0019923703000000043,-0.00025742189999999887,0.0010040277999999996,0.0022310560807597257
1.834152344,-0.046891515,0.019990107,-0.0891503021,-0.000993176829,0.0153999288,0.0761482877,16.234172814802704,0.09136939937750699,0.00025883489999999065,0.002251205199999995,-8.476539999999894e-05,0.0009192624000000007,0.0024316595593464104
1.844199463,-0.177081637,0.0062402063,0.0557253845,0.00937743858,0.0153828524,0.0759946994,16.70059266919044,0.05685239666593725,-0.00015358829999999324,0.0020976169000000017,-1.7076399999999686e-05,0.000902186000000001,0.0022834045278403076
1.854245361,-0.104691889,-0.0101297144,-0.0568758994,-0.00129738171,0.0151683444,0.0762512949,17.154438876358224,0.05778548473177265,0.0002565954999999981,0.0023542123999999998,-0.0002145080000000004,0.0006876780000000006,0.002452593944377617
1.864292236,-0.326802462,0.00798883568,-0.0152197983,-0.104359858,0.0147574213,0.0756342328,17.590674411448553,0.10576598563619065,-0.000617062099999996,0.0017371503000000038,-0.00041092310000000014,0.00027675490000000046,0.0017590578272086775
1.874338379,-0.156917239,-0.00202844455,-0.0691754073,-0.061865069,0.0141770447,0.0746290624,18.004226432601385,0.09282584944285767,-0.001005170400000005,0.0007319798999999988,-0.0005803765999999998,-0.0003036216999999994,0.0007924523397119209
1.884385254,-0.0315796719,0.00270798756,-0.0675530061,0.0596344657,0.0137618966,0.0747301641,18.401170110738956,0.09014993804266438,0.00010110169999999474,0.0008330815999999935,-0.0004151481000000002,-0.0007187697999999996,0.00110029767683595
1.894431152,-0.190247847,0.0326446481,-0.0331190787,-0.04189042,0.0135049458,0.0748013276,18.787919967369106,0.06258876665413712,7.116349999999882e-05,0.0009042450999999924,-0.00025695080000000085,-0.0009757206000000004,0.0013302969180368559
1.904478271,-0.0847390882,0.0249270722,-0.0024003149,-0.025181748,0.0131411191,0.0743896466,19.162419273979037,0.03551395320741805,-0.0004116809999999971,0.0004925640999999953,-0.00036382670000000006,-0.0013395473000000005,0.001427237317878879
1.914524414,0.0380398078,0.0451997221,0.0034155543,-0.0311511643,0.0129633895,0.0741220005,19.528920015135267,0.05500069023511497,-0.00026764610000000466,0.00022491799999999063,-0.00017772959999999907,-0.0015172768999999996,0.0015338570005048074
1.924571289,0.0595201105,0.0364544317,-0.00486900704,-0.0322371982,0.012954502,0.0738396963,19.896706496285205,0.048906745627894904,-0.0002823041999999998,-5.738620000000916e-05,-8.887500000000562e-06,-0.0015261644000000001,0.001527242924939514
1.934617432,0.231059092,0.0221529249,0.0601763055,0.11499574,0.012788333,0.0742277621,20.274072547724252,0.13166609299057205,0.0003880658000000037,0.0003306795999999945,-0.000166168999999999,-0.0016923333999999991,0.0017243379409534877
1.944664551,-0.217315302,0.0499326251,0.0782674253,-0.0691951364,0.0135083771,0.0748030607,20.659007821771404,0.11578870330858203,0.000575298599999996,0.0009059781999999905,0.0007200440999999991,-0.0009722893,0.0013289631228027784
1.954710449,-0.0592974807,-0.000776292756,0.0156445242,-0.054364074,0.0135031101,0.0738697485,21.03739083775525,0.056575668884820796,-0.0009333121999999944,-2.7334000000003855e-05,-5.266999999999772e-06,-0.0009775562999999998,0.0009779383759857723
1.964757568,0.282393192,0.0298745595,0.0972328633,0.00551177654,0.0141507847,0.0740297019,21.414495905290128,0.10186804548759351,0.0001599533999999958,0.00013261939999999195,0.0006476746000000002,-0.00032988169999999956,0.0003555416167641245
1.974803467,0.0178177616,-0.0102233905,-0.0119128004,-0.158287719,0.0141031991,0.0730488364,21.804506722652583,0.15906424649464343,-0.0009808654999999972,-0.0008482461000000052,-4.7585600000000366e-05,-0.0003774672999999999,0.000928441171391332
1.984850342,0.395939054,0.0257058479,-0.00442292728,0.0693041459,0.0144102136,0.0725885432,22.212227522180953,0.07405010155908356,-0.0004602932000000032,-0.0013085393000000084,0.0003070144999999993,-7.045280000000063e-05,0.0013104345449782495
1.994897461,0.382858623,0.0062579806,0.0507858545,0.0463927202,0.0146123609,0.073408383,22.649478657900477,0.06906989087902654,0.0008198397999999996,-0.0004886995000000088,0.00020214730000000028,0.00013169449999999965,0.0005061330285908129
2.004943359,-0.0858294407,0.001491189,-0.0266119987,-0.120894276,0.0145836338,0.072686942,23.113303714390224,0.12379760938324576,-0.0007214409999999893,-0.0012101404999999982,-2.8727099999998826e-05,0.00010296740000000082,0.0012145132009175551
2.014990234,0.15815796,0.011174974,0.00745246327,0.0115655232,0.0145617241,0.0720676714,23.586315859584772,0.017725139761962765,-0.0006192705999999992,-0.0018294110999999974,-2.1909700000001184e-05,8.105769999999964e-05,0.0018312059751793325
2.025036377,0.00837269155,-0.00859766454,-0.0529243276,-0.0351668298,0.0147090529,0.072144368,24.065205281345776,0.06412183875745192,7.669659999999523e-05,-0.0017527145000000022,0.00014732880000000066,0.0002283865000000003,0.0017675317569686006
2.035083252,-0.235206129,0.0152921574,-0.0309137516,-0.0840835497,0.0143323629,0.0714285345,24.542636624252545,0.09088208539687702,-0.0007158334999999988,-0.002468548000000001,-0.0003766900000000007,-0.0001483035000000004,0.0024729988185230203
2.04512915,-0.0518908577,0.0103884777,-0.037849687,0.0240602326,0.0140144771,0.071184724,25.007302170537297,0.04603709447486308,-0.00024381049999999682,-0.002712358499999998,-0.00031788579999999893,-0.00046618929999999933,0.0027521302832454585
2.055176514,0.0166640615,-0.000811113045,0.0269262027,0.102535449,0.0135615191,0.0718140805,25.46405731941248,0.10601507721944486,0.0006293564999999973,-0.0020830020000000005,-0.00045295799999999983,-0.0009191472999999992,0.002276780422241304
2.065222412,-0.153855806,0.0310440212,-0.00972954556,-0.0286545288,0.0135511791,0.0723410759,25.91647865784128,0.043352939113976974,0.0005269953999999938,-0.0015560066000000067,-1.0340000000001043e-05,-0.0009294873000000002,0.0018124853599698044
2.075269287,0.0469946831,0.00697969785,-0.0420730412,0.0352104232,0.0133232263,0.0721765548,26.362903296179837,0.05530489019804027,-0.0001645210999999952,-0.0017205277000000019,-0.0002279528000000003,-0.0011574401000000005,0.002073615960479497
2.085315674,0.112904787,0.0275598094,-0.0809778273,-0.0186155252,0.0127450999,0.0724131323,26.81061885051678,0.08754135815067521,0.00023657750000000144,-0.0014839502000000004,-0.0005781264000000001,-0.0017355665000000006,0.002283484020527031
2.095362305,-0.102209278,0.0214853361,0.00554114208,-0.049618151,0.0120896104,0.0718537278,27.262567707491222,0.05435333321461997,-0.0005594044999999992,-0.0020433546999999996,-0.0006554894999999984,-0.002391055999999999,0.0031452261007991274
2.105408447,0.0124344611,0.0233663283,0.00244228775,-0.0932564437,0.0119838367,0.07142756,27.712537418596472,0.09617023634809499,-0.0004261678000000019,-0.0024695225000000015,-0.00010577370000000065,-0.0024968296999999997,0.003511794402980953
2.115455566,0.0414609414,0.0159608759,0.0105929468,0.118886612,0.0111893224,0.0710600866,28.16166294121327,0.1204200423278508,-0.0003674733999999985,-0.0028369959,-0.0007945143000000002,-0.003291344,0.004345283772431072
2.125501465,-0.0792724203,0.0232451558,0.00438485155,0.0242836718,0.0118538485,0.0722558013,28.611132136776405,0.03390075083787859,0.001195714700000003,-0.0016412811999999971,0.0006645261,-0.0026268179,0.003097414447120992
2.13554834,-0.383098131,0.018235283,0.0478764653749999,-0.14280723,0.0109054106,0.0712398594,29.048264107139058,0.1517187741288683,-0.0010159419000000114,-0.0026572231000000085,-0.0009484378999999998,-0.0035752557999999997,0.004454580635548906
2.145594482,0.101931631,0.0439228006,0.0913680792,0.0486136042,0.0108827099,0.0708629755,29.466961295661807,0.11243051553096735,-0.0003768838999999996,-0.003034107000000008,-2.2700699999999435e-05,-0.003597956499999999,0.004706495114556191
2.155641357,0.0103851273,-0.000247855205,-0.0481245406,-0.0587144755,0.0110663818,0.0710344811,29.88151001123216,0.07591720801902421,0.00017150560000001036,-0.0028626013999999977,0.0001836718999999997,-0.0034142845999999994,0.004455538811982127
2.165688477,-0.156502448,0.0141965989,0.0153819947,-0.151589289,0.0108188943,0.0698676758,30.2952320634154,0.15302765018389267,-0.001166805300000004,-0.004029406700000002,-0.00024748750000000083,-0.0036617721000000002,0.005444694047083207
2.175734619,0.105974257,0.00046587456,0.00229349686,-0.05149455,0.0110660343,0.0688288392,30.704046643785087,0.05154770457212411,-0.0010388365999999954,-0.005068243299999997,0.00024713999999999986,-0.0034146321000000004,0.006111203034292452
2.185781494,0.0721910837,-0.0294411574,0.0275937933,0.0427954681,0.0114766896,0.0687712307,31.116050540655138,0.05881880029066231,-5.7608500000000396e-05,-0.0051258517999999975,0.0004106552999999999,-0.0030039768000000005,0.005941231630773325
2.195827393,-0.20022717,0.0143923406,0.0330355242,-0.0535804071,0.011790186,0.0688091541,31.52925544810187,0.06457046811133496,3.792340000000061e-05,-0.005087928399999997,0.00031349640000000005,-0.0026904804000000004,0.005755493044588856
2.205874512,-0.163791144,0.0123433042,0.00628274167,-0.0191183053,0.0117584761,0.0681284712,31.930330528452693,0.02360804098204042,-0.000680682900000007,-0.005768611300000004,-3.170989999999943e-05,-0.0027221903,0.006378651609854689
2.21592041,0.268030174,0.02225036265,0.056349237835,0.248855442,0.0132973125,0.0691498612,32.32492671757579,0.25612369327271794,0.001021389999999997,-0.004747221300000007,0.0015388364000000002,-0.0011833538999999997,0.004892487764299362
2.225967285,-0.128893726,0.0321574211,0.106415734,-0.0591588505,0.0145648358,0.0706402098,32.725585294244084,0.12592925699392826,0.0014903486000000105,-0.0032568726999999964,0.0012675233,8.41694000000004e-05,0.0032579601397042333
2.236013428,0.158265366,-0.0377853774,0.0159759473333333,-0.02930969,0.0122587901,0.069784072,33.13038539599585,0.050418484371844915,-0.0008561378000000036,-0.0041130105,-0.0023060457000000003,-0.0022218763,0.00467478231210951
2.246060303,0.517126662,0.0112498105,-0.0744638393333333,0.260573536,0.0124320031,0.0712862549,33.55265992424954,0.27123788317285197,0.0015021828999999959,-0.002610827600000004,0.00017321300000000019,-0.0020486632999999997,0.00331865064049964
2.256106445,0.0501622803,0.0233321078,0.0012404235833333,0.0191048775,0.0124137552,0.0726686962,34.00566040322457,0.030181488521060663,0.0013824412999999952,-0.001228386300000009,-1.8247900000000622e-05,-0.0020669112000000003,0.0024043824177349894
2.26615332,-0.206397383,0.0128206108,0.0769446865,-0.0296416227,0.0125203531,0.0726757265,34.46886770782947,0.08344746034576196,7.030300000002154e-06,-0.0012213560000000068,0.00010659789999999982,-0.0019603133000000005,0.0023096620343446158
2.276199463,-0.224766129,0.0121444324,0.0616062731,-0.0170936547,0.0135726136,0.0721899044,34.91750324855683,0.06507697868365421,-0.00048582209999999126,-0.001707178099999998,0.0010522605000000008,-0.0009080527999999997,0.0019336537830509997
2.286246338,0.152781162,0.00771346502,-0.0845940784,0.132224992,0.0132843438,0.0728948597,35.35371784389224,0.1571594863581584,0.0007049552999999903,-0.0010022228000000077,-0.00028826979999999926,-0.001196322599999999,0.0015606531658605679
2.296292236,-0.397329047,-0.0204450022,-0.0541317463,-0.125037134,0.0114836011,0.072951726,35.782056246590294,0.1377770987914157,5.68662999999997e-05,-0.000945356500000008,-0.0018007427,-0.002997065299999999,0.0031426261827580365
2.3063396,-0.098769294,0.0117014833,-0.0236694142,0.0733020455,0.010076871,0.0726490867,36.1921230718601,0.07791248779544528,-0.0003026392999999905,-0.0012479957999999985,-0.0014067301000000015,-0.0044037954,0.004577216123571051
2.316385498,0.0659362611,0.0398883112,-0.0307003073,0.129513055,0.0098723085,0.073807212,36.58903820416994,0.13895041437194602,0.001158125299999993,-8.987050000000552e-05,-0.00020456249999999988,-0.0046083579,0.004609234127408008
2.326432617,-0.124271546,0.0125749335,-0.00774732139,0.0566838607,0.00965053682,0.074570379,36.98374488217748,0.05857653118021225,0.000763167000000009,0.0006732965000000035,-0.00022177167999999983,-0.00483012958,0.004876830931712031
2.336478516,-0.00239427473,0.0244204067,-0.00912639871,0.115927018,0.00938570175,0.0754040673,37.37382502188435,0.11882222401209136,0.0008336882999999962,0.0015069847999999997,-0.0002648350700000003,-0.0050949646500000004,0.005313159885810013
2.346525391,0.21247188,0.021707179,-0.0573341399,0.164641038,0.00891232343,0.0767493555,37.76600805229743,0.1756845941223312,0.0013452882000000027,0.0028522730000000024,-0.0004733783199999987,-0.005568342969999999,0.006256349150908813
2.356571289,0.0148191643,0.0457073189,0.0182471685,0.185725272,0.00894720023,0.0786490674,38.168977512387684,0.1921353554626729,0.0018997118999999896,0.004751984899999992,3.487679999999993e-05,-0.005533466169999999,0.0072938747140571586
2.366618408,-0.040534255,0.0215599053,0.00584615907,0.143426031,0.00884370588,0.0802116755,38.57698510959917,0.14515520473214066,0.0015626081000000014,0.006314592999999993,-0.00010349435000000032,-0.0056369605199999995,0.008464597371386755
2.376665283,-0.0408533308,0.0289857332,-0.0872235447,0.108429477,0.00865012677,0.0816333797,38.98233167479507,0.14214454249695274,0.0014217041999999985,0.007736297199999992,-0.0001935791099999997,-0.005830539629999999,0.009687388024835602
2.386711182,-0.266664001,0.0366268754,-0.0463075377,-0.173818454,0.00860672376,0.0810355422,39.3780139909127,0.1835722500825061,-0.0005978374999999897,0.007138459700000002,-4.340300999999998e-05,-0.005873942639999999,0.009244501556413643
2.396758301,0.40271337,0.00285299635,0.127618462,0.231838748,0.00817698696,0.0812241976,39.76950073893232,0.2646579235647897,0.00018865540000000125,0.007327115100000003,-0.0004297368000000003,-0.0063036794399999995,0.009665556899161412
2.406804199,0.119611591,0.046833504,0.0591453947,0.0856325254,0.00950484447,0.0835527179,40.1772338614111,0.11412486239868354,0.0023285202999999977,0.009655635400000001,0.0013278575100000006,-0.004975821929999999,0.01086232474458401
2.416851563,-0.144886829,-0.0095018046,-0.00353003759,-0.125915781,0.00891864261,0.0830383356,40.597329245532165,0.12632311491125983,-0.0005143823000000047,0.009141253099999996,-0.0005862018600000015,-0.0055620237900000005,0.010700402650311133
2.426897461,0.176987018,0.0136146992,0.0401878841,-0.0526093468,0.0095284414,0.0819669161,41.01753214756749,0.06758823443073642,-0.0010714195000000037,0.008069833599999993,0.0006097987900000011,-0.004952224999999999,0.00946819659609547
2.436944336,0.486605121,-0.00289356848,0.0227642357,0.155338287,0.00966102555,0.0825046209,41.45499628031412,0.15702409551928,0.0005377048000000106,0.008607538400000003,0.0001325841500000001,-0.004819640849999999,0.009865021805878754
2.446990479,-0.0812107679,0.0209331997,0.095238708,0.0329338163,0.0101915169,0.0837661953,41.918886456970284,0.10292349880990002,0.0012615743999999929,0.009869112799999996,0.0005304913499999987,-0.0042891495000000005,0.0107608638543787
2.457037598,-0.287454641,-0.014805425,-0.0556717105,0.0557244308,0.0104264269,0.0835780241,42.38372992061698,0.08014831344083558,-0.00018817120000000354,0.009680941599999993,0.00023491000000000137,-0.004054239499999999,0.010495593750997161
2.467083496,0.0380919764,0.00274507375,0.0547847562,-0.0245925114,0.0107843644,0.0843523344,42.83322073744202,0.06011402963323543,0.0007743103000000112,0.010455251900000004,0.0003579374999999989,-0.0036963020000000003,0.011089406691417612
2.477130615,-0.425445865,-0.0184183326,-0.121231973,-0.239481717,0.0102678997,0.0826107954,43.26700555401319,0.269050030720134,-0.0017415390000000003,0.008713712900000004,-0.0005164647000000001,-0.0042127667,0.009678646381196875
2.487176514,0.410126934,-0.00818593428,0.0160494577,0.134355247,0.00966756431,0.0820745554,43.69077112663253,0.1355578363980909,-0.0005362400000000073,0.008177472899999996,-0.0006003353899999998,-0.00481310209,0.009488783629053659
2.497223389,0.208538852,0.0182030573,0.0425611511,0.0456034094,0.00986267466,0.083296747,44.12951252491423,0.06498056499391278,0.0012221916000000055,0.009399664500000002,0.00019511034999999954,-0.004617991740000001,0.010472800027846828
2.507269287,-0.206281136,0.0258154385,-0.0395339839,-0.165861711,0.00974414333,0.0824674389,44.58357945035519,0.17245138423277517,-0.0008293081000000091,0.008570356399999993,-0.0001185313299999994,-0.00473652307,0.009792122324382138
2.517316406,0.299656973,0.00821167696,-0.0194817763,0.0625944212,0.00952382111,0.0818716859,45.040068885403755,0.06606839495297011,-0.0005957529999999905,0.007974603400000002,-0.00022032221999999935,-0.004956845289999999,0.009389601408807872
2.527362305,-0.00441131364,0.0441390499,0.0197303426,0.0594945066,0.00941038319,0.0827592313,45.50612083256032,0.0766624970945084,0.0008875453999999949,0.008862148799999997,-0.00011343792000000075,-0.00507028321,0.010210066267314298
2.53740918,-0.375878774,0.0418272242,-0.0217817947,-0.135225117,0.00951650216,0.0822930604,45.97011224760061,0.14321241402997753,-0.00046617089999999306,0.008395977900000004,0.00010611897000000099,-0.004964164239999999,0.009753736284059726
2.547456543,0.00235701145,0.0220061168,-0.0128117362,-0.0175610632,0.0090485081,0.0813083049,46.41546577264401,0.030932195230665847,-0.0009847555000000036,0.0074112224,-0.00046799406000000085,-0.0054321583,0.009188828067741862
2.557502441,0.0749908705,0.0281222016,0.0169272739,0.053572055,0.00912316494,0.0816818294,46.85342325956709,0.06282798660978792,0.0003735244999999998,0.0077847469,7.465683999999945e-05,-0.0053575014600000005,0.009450137892695628
2.567549561,-0.204812963,0.0158554167,-0.00747180777,-0.11274422,0.00909470518,0.0814081462,47.29013483231683,0.11409855955922876,-0.00027368319999999946,0.007511063700000001,-2.8459759999998474e-05,-0.005385961219999999,0.009242545978722615
2.577595459,0.0423437155,0.0533924699,0.00641586818,-0.0406515375,0.00901956061,0.0804697414,47.71955923070986,0.06741265984694157,-0.0009384048000000006,0.0065726589,-7.514457000000127e-05,-0.00546110579,0.008545380124097508
2.587642334,0.308778364,0.0258990601,0.0630093738,0.0847774893,0.00933786923,0.0807534453,48.153695498546455,0.10875736845263934,0.00028370390000000134,0.0068563628000000015,0.0003183086200000008,-0.0051427971699999995,0.008570768552293537
2.597688232,-0.116141431,0.0173550397,-0.0435548536,-0.0426674932,0.00956461093,0.0812026133,48.60124741966318,0.06339351426666655,0.0004491679999999998,0.007305530800000001,0.00022674169999999973,-0.00491605547,0.008805588092448203
2.607735352,-0.277124824,0.0183526613,0.0482136831,-0.0519688502,0.00967549196,0.0805776814,49.043886790735904,0.07322664000191313,-0.0006249319000000003,0.006680598900000001,0.00011088102999999919,-0.004805174440000001,0.008229222506501483
2.617781494,-0.0485213082,0.00283615198,0.0695789531,0.0209104773,0.0100174566,0.0803743018,49.46868951686041,0.07270847635220719,-0.00020337959999999766,0.006477219300000003,0.00034196464000000107,-0.0044632097999999995,0.007866041671584799
2.627828369,-0.132156892,0.0111968806,0.0231725685,0.0791101307,0.0106761063,0.0809572335,49.88099080207772,0.08319105027242372,0.0005829316999999973,0.007060151000000001,0.0006586496999999997,-0.0038045601,0.008020000604570613
2.637874512,-0.237807032,-0.0115919895,0.0207579695,0.0775525644,0.0107811983,0.0817374122,50.27963368749976,0.08111515125639099,0.0007801786999999949,0.007840329699999996,0.00010509199999999934,-0.0036994681000000005,0.008669304125915737
2.647921387,-0.144956022,0.0166444425,0.0386384316,0.136581257,0.011241726,0.0829087555,50.659674068850514,0.1429139798142356,0.0011713433000000023,0.009011672999999998,0.0004605277000000012,-0.0032389403999999993,0.009576063135426851
2.657967285,-0.0236074509,0.0175163615,-0.0175627563,0.0882432684,0.0113130482,0.0840717233,51.026032264912324,0.09166323007054852,0.0011629677999999977,0.010174640799999995,7.13221999999996e-05,-0.0031676181999999997,0.01065631833561647
2.668014648,-0.0472639285,0.0118528828,0.0167912226,0.0349992216,0.0113136952,0.0846981455,51.386517199499984,0.04058794771455183,0.0006264222000000041,0.010801063,6.469999999994536e-07,-0.0031669712000000003,0.011255783780421443
2.678060303,0.148512911,0.00732171489,0.0018771016,0.0376434065,0.0115419103,0.0850096324,51.747692308181676,0.03839475318674952,0.0003114868999999909,0.01111254989999999,0.00022821509999999996,-0.0029387561000000003,0.011494566224754938
2.688107422,0.150874598,-0.00494640321,-0.016367415,0.05096028,0.0114676797,0.085373855,52.118837106605056,0.053752295915398096,0.0003642226000000054,0.011476772499999996,-7.423059999999912e-05,-0.0030129866999999994,0.011865681433071302
2.698153564,0.0370356723,0.0203983672,-0.0277420133,0.0417869948,0.0112372753,0.0858981643,52.50200683543871,0.05414670461605803,0.0005243092999999976,0.012001081799999994,-0.00023040440000000016,-0.0032433910999999996,0.012431635057298388
2.708200439,-0.0284288797,0.0106634488,-0.0489719324,0.0473082587,0.0108443745,0.0863042285,52.89006856051107,0.06892046607885438,0.0004060642000000003,0.012407145999999994,-0.0003929008000000001,-0.0036362918999999997,0.0129290328581577
2.718247314,-0.0802818896,0.00822965242,-0.045963712,0.0346343182,0.0107399716,0.0867556829,53.27565241623276,0.05813713096594815,0.00045145440000000925,0.012858600400000003,-0.00010440289999999984,-0.0037406947999999995,0.013391654185858715
2.728293457,-0.165311777,0.00809516199,0.0483260378,-0.00110317115,0.0107051729,0.0867979844,53.65243917858074,0.04901177984604887,4.230149999999433e-05,0.012900901899999997,-3.479869999999975e-05,-0.0037754934999999993,0.013442009559659069
2.738340332,0.0292545169,-0.00287140114,-0.0613388531,0.0125424489,0.0104614473,0.0868783961,54.01980684928507,0.06267386112678303,8.041170000000486e-05,0.012981313600000002,-0.00024372560000000126,-0.0040192191000000006,0.013589283459967632
2.74838623,0.00895998992,0.0150809679,-0.0276996642,-0.032516107,0.0100752157,0.0868535069,54.384717041778465,0.04529905301470486,-2.488920000000283e-05,0.0129564244,-0.0003862316000000001,-0.004405450700000001,0.0136849161160398
2.75843335,0.0206993084,-0.0132552627,-0.104597837,-0.134918571,0.0095035281,0.0859720927,54.75135166677525,0.17122917477756708,-0.0008814141999999997,0.0120750102,-0.0005716875999999989,-0.0049771382999999995,0.01306054275240623
2.768479248,0.102498105,0.00169306016,0.0106478017,-0.0451346301,0.00890182659,0.0849252831,55.121724708076826,0.04640449297225139,-0.0010468096000000038,0.011028200599999996,-0.0006017015100000002,-0.00557883981,0.012358991144081344
2.778526123,0.11651589,0.0198551491,-0.0958868861,0.00749491714,0.00837310262,0.0849050404,55.50060421695645,0.09820741140399267,-2.0242699999992175e-05,0.011007957900000004,-0.0005287239700000005,-0.00610756378,0.012588783597112962
2.78857251,-0.216410243,0.0327254087,-0.0140852313,-0.0449030437,0.00806137892,0.0847383848,55.88241386294075,0.05732041040397953,-0.00016665560000000967,0.010841302299999994,-0.0003117236999999988,-0.006419287479999999,0.01259924947411035
2.798619385,-0.178635223,0.0372397974,-0.00590021396,-0.0705350339,0.00772941131,0.083964203,56.25199095164777,0.07998003527406683,-0.0007741817999999956,0.010067120499999999,-0.0003319676100000009,-0.00675125509,0.012121318428775441
2.808665527,-0.0367545172,0.0430422947,-0.0809374452,-0.0671927631,0.00760356067,0.0835073098,56.60643249217498,0.11365903651517274,-0.00045689320000000255,0.009610227299999996,-0.0001258506400000003,-0.00687710573,0.011817404621119819
2.818712646,-0.0555750261,0.0375093743,0.036653962,-0.0701841563,0.00701745817,0.0826533191,56.95329168913854,0.0876143931452919,-0.0008539907000000013,0.008756236599999995,-0.0005861024999999995,-0.00746320823,0.01150526646712362
2.828758545,0.184069742,0.0190542042,0.00227574958,-0.016354477,0.00735307806,0.0823241572,57.30100351125809,0.025213303071785275,-0.00032916189999999956,0.008427074699999995,0.0003356198899999996,-0.00712758834,0.011037123880064224
2.83880542,0.170893596,0.019741768,0.0600558035,-0.0319281779,0.00756093636,0.0821242877,57.66071582204923,0.07082263396549499,-0.00019986949999999115,0.008227205200000004,0.00020785830000000054,-0.00691973004,0.010750328796338533
2.848851563,0.0579575373,0.0102779586,-0.0176677518,-0.156544149,0.00764213263,0.0811638893,58.03485159320449,0.15787291240989987,-0.0009603984000000065,0.0072668067999999975,8.119627000000018e-05,-0.0068385337699999995,0.00997857831516878
2.858898438,0.145058094,0.026987562,0.0155140515,-0.0859091282,0.00763093273,0.0798026276,58.41970419169178,0.09137501083300911,-0.001361261700000005,0.0059055450999999926,-1.1199900000000672e-05,-0.00684973367,0.00904402091318157
2.868944336,0.132719056,0.0147692449,-0.0694088265,-0.105508134,0.0074367955,0.0789537175,58.81641858229103,0.12715220065411859,-0.0008489100999999888,0.005056635000000004,-0.00019413722999999956,-0.0070438709,0.008670967349672806
2.878991455,-0.227548015,0.00237802183,-0.0280299261,-0.151419386,0.0067611008,0.0775364491,59.21770908329086,0.15401026654613778,-0.0014172684000000046,0.003639366599999999,-0.0006756946999999999,-0.0077195656,0.008534440948410089
2.889037354,-0.141873619,-0.000251316931,0.0015644501,-0.0725871474,0.00657996656,0.0763051868,59.60746122943081,0.07260443947848177,-0.0012312623000000078,0.0024081042999999913,-0.00018113424000000024,-0.00790069984,0.008259541408665161
2.899084229,-0.139364924,-0.000945466105,-0.0408778563,-0.0943913832,0.00652460332,0.0756894733,59.98114636703435,0.10286703195994525,-0.0006157134999999897,0.0017923908000000016,-5.536324000000002e-05,-0.00795606308,0.008155464702447294
2.909131592,-0.130303885,-0.0257757157,-0.0020471717999999,-0.141813502,0.00550604625,0.0743513635,60.3412120832354,0.14415147512852566,-0.0013381098000000008,0.0004542810000000008,-0.0010185570699999995,-0.008974620150000001,0.00898611028553217
2.919177246,0.513489986,0.0298326164,0.0367835127,0.195928589,0.00460490718,0.0745251017,60.70402462459171,0.20157138635072075,0.0001737381999999954,0.0006280191999999962,-0.0009011390700000002,-0.009875759220000002,0.009895707568788787
2.929224365,-0.178075982,0.0306062624,-0.00522545632,-0.112536311,0.00433728691,0.0753421276,61.084677034240165,0.11674103813714612,0.0008170259000000041,0.0014450451000000003,-0.0002676202700000003,-0.010143379490000003,0.010245794396687196
2.93927124,-0.468006657,0.0432588756,-0.0687145442,-0.268255144,0.00370968802,0.0730079456,61.45763043404908,0.2802745817680418,-0.002334182000000004,-0.0008891369000000038,-0.00062759889,-0.010770978380000004,0.010807614893646476
2.949318115,0.298634425,0.00961356424,-0.12729688,0.0121765006,0.00293224119,0.0717583142,61.810398915153286,0.12823877511109036,-0.0012496313999999925,-0.0021387682999999963,-0.0007774468299999999,-0.011548425210000005,0.01174480543355438
2.959364014,-0.150692081,0.05161421,-0.0271849651,-0.0972135365,0.00200645282,0.0716854102,62.162602369433884,0.11337336847888552,-7.290400000001251e-05,-0.002211672300000009,-0.0009257883700000001,-0.012474213580000004,0.012668760744526036
2.969411133,-0.309045199,0.0135163609,-0.0605150061,-0.209886283,0.000708124842,0.0698001487,62.50712993025043,0.21885385481370478,-0.001885261499999999,-0.004096933800000008,-0.001298327978,-0.013772541558000005,0.014368986308310678
2.979457031,0.163492307,0.00426320825,-0.0938450471,-0.0104013383,-0.00027977225,0.0687735035,62.836634431380816,0.09451590156272718,-0.0010266451999999954,-0.005123579000000003,-0.000987897092,-0.014760438650000004,0.015624391537261698
2.989503906,0.0182668205,0.0257748924,-0.0790021867,-0.0635638908,-0.00110814808,0.0684291467,63.16706753973753,0.10462341418271322,-0.0003443568000000008,-0.005467935800000004,-0.0008283758300000001,-0.015588814480000004,0.016519971513437287
2.999550293,0.0244247586,0.0256357417,-0.056331642,-0.0635263249,-0.00193654339,0.0676514749,63.50304009551701,0.08869069341382806,-0.0007776718000000044,-0.006245607600000008,-0.0008283953099999998,-0.016417209790000005,0.017565090138739678
3.009597168,0.273714504,0.0273332391,0.0101706851,0.0489426889,-0.00210294653,0.0676661031,63.8474654906224,0.05697311288549463,1.462820000000531e-05,-0.006230979400000003,-0.00016640314000000017,-0.016583612930000005,0.017715567224768382
3.019643066,0.00227379015,0.0180006586,-0.000134411268,-0.0624481998,-0.00190299435,0.0677580555,64.2060667003993,0.06499091809386477,9.195239999999771e-05,-0.006139027000000005,0.00019995218000000013,-0.016383660750000004,0.01749605647218309
3.029690186,-0.1582943,0.00995924324,-0.121693864,-0.242638752,-0.00288723711,0.0659222042,64.56768040223653,0.2716286933173325,-0.0018358512999999965,-0.007974878300000002,-0.00098424276,-0.017367903510000005,0.019111325339506973
3.039736084,0.079602456,0.0160373077,0.0529285409,-0.0912776366,-0.00291050164,0.0643750222,64.92344095771111,0.10672503278682613,-0.0015471819999999942,-0.009522060299999996,-2.3264529999999888e-05,-0.017391168040000005,0.0198273134375879
3.049783203,0.00770553288,-0.0277005844,-0.0242828876,-0.116390713,-0.00283963823,0.0632821899,65.27945827523253,0.12208103488643979,-0.0010928323000000129,-0.010614892600000009,7.086340999999967e-05,-0.017320304630000005,0.020314253552260655
3.059829346,-0.121270428,-0.0132596595,0.0279945135,-0.0996988639,-0.00262783061,0.0621673011,65.63479137700178,0.104400070972717,-0.0011148887999999912,-0.0117297814,0.00021180762000000018,-0.017108497010000005,0.020743395132739602
3.069876221,0.247037363,-0.0380065516,-0.04226857075,-0.109948575,-0.00385279857,0.061102227,65.99045261105438,0.12377325713699969,-0.0010650741000000005,-0.0127948555,-0.00122496796,-0.018333464970000005,0.02235674987720929
3.079922119,0.11570187,0.00940976664,-0.112531655,-0.236975357,-0.00530172215,0.0592267264,66.35816918197459,0.262505689291748,-0.0018755006000000032,-0.014670356100000004,-0.0014489235800000002,-0.019782388550000005,0.024628484420361287
3.089969238,0.0377882442,0.011716065,-0.0089133773,-0.127628103,-0.0060508952,0.0573515565,66.73870817781928,0.12847430540522484,-0.001875169900000001,-0.016545526000000005,-0.0007491730499999995,-0.020531561600000005,0.026368531478853176
3.100016113,0.218586418,-0.0364225022,0.0132432608,0.0479771942,-0.00701677625,0.0572176763,67.12938338918724,0.061674904024492286,-0.00013388019999999862,-0.016679406200000003,-0.0009658810499999998,-0.021497442650000004,0.027209237984086174
3.110062012,-0.222504687,0.0443011038,0.0353998989,-0.113846332,-0.00860054272,0.0566410395,67.52626909295792,0.1271877665103166,-0.0005766368000000022,-0.017256043000000006,-0.0015837664700000002,-0.023081209120000005,0.02881862651930207
3.120109131,-0.160533165,0.0263305586,0.0324954316,0.00413154392,-0.00615491537,0.0563834296,67.91362423417375,0.04202762241932324,-0.00025760989999999706,-0.017513652900000003,0.00244562735,-0.020635581770000005,0.02706575830986516
3.130155029,0.1122946374999999,-0.0236545764,0.0146096423,0.27109772,-0.0070840837,0.0573197247,68.29025785978163,0.27251964043348464,0.000936295099999998,-0.016577357800000005,-0.0009291683300000006,-0.021564750100000005,0.027200133060422172
3.140201904,0.38512244,0.0221597161,-0.0253258161,0.2092489229999999,-0.00669301659,0.0614048655,68.67804672746304,0.21193763647692096,0.004085140800000005,-0.012492217,0.0003910671100000006,-0.021173682990000005,0.02458414808237423
3.150248047,-0.142372581,0.0221067201,-0.0654892176,0.147400126,-0.0073860383,0.0642157293,69.08412688857638,0.162801541271131,0.0028108637999999936,-0.009681353200000006,-0.00069302171,-0.021866704700000003,0.023914041361094793
3.160294922,-0.0400046781,0.0352800451,-0.0690389127,0.0874771103,-0.00779475575,0.065394749,69.4917306007578,0.11689011025529328,0.0011790197000000058,-0.0085023335,-0.0004087174500000002,-0.02227542215,0.02384290474975591
3.170341064,0.26591647,0.0203319881,-0.0140829831,0.11907126,-0.00856906867,0.06627271,69.90038169679691,0.12161284928444456,0.0008779609999999965,-0.007624372500000004,-0.0007743129200000008,-0.02304973507,0.024278001211301234
3.180388184,0.405267877,0.035682518,0.0340520516,0.172134921,-0.00820443689,0.0677753954,70.33127889544399,0.17906204326061295,0.001502685399999995,-0.006121687100000009,0.00036463178000000103,-0.02268510329,0.023496573457171908
3.190434326,0.362955872,0.050831113,-0.020017311,0.206508607,-0.00811773615,0.0696908902,70.7977601739294,0.21361249858931464,0.0019154948000000005,-0.004206192300000008,8.67007399999991e-05,-0.02259840255,0.022986514556940247
3.200481201,0.309776728,0.0394281819,0.0111014657,0.303411812,-0.008216051,0.0722090371,71.29994203048041,0.3061642561269214,0.002518146900000004,-0.0016880454000000045,-9.831484999999959e-05,-0.0226967174,0.02275940416636437
3.210527344,0.0787934046,0.0293329414,0.00151808024,0.29247421,-0.00820662451,0.0752443462,71.82835506414087,0.293945385291069,0.003035309100000008,0.0013472637000000037,9.426490000000523e-06,-0.022687290909999998,0.022727258706502777
3.220574219,0.0168557116,0.0429906324,-0.0130394446,0.28822881,-0.00838316993,0.0781839331,72.36879175705968,0.2917088762853206,0.002939586899999999,0.004286850600000003,-0.00017654542000000023,-0.022863836329999998,0.023262246232721124
3.230620117,0.0229504483,0.0468183905,0.0730712041,0.268287063,-0.00805789111,0.0811034996,72.9125283923192,0.28197395399362746,0.002919566499999998,0.007206417100000001,0.0003252788200000002,-0.022538557509999998,0.023662608099082185
3.240667236,0.00533113189,0.0181181077,-0.0735454038,0.101902775,-0.00821208884,0.0827455576,73.45801644945863,0.12696994841077347,0.0016420580000000018,0.008848475100000003,-0.0001541977299999997,-0.022692755239999998,0.024356860470468426
3.250713135,0.234870905,0.0150943547,0.0702040419,0.216416568,-0.00814519955,0.0842610198,74.01008282623509,0.2280188105130912,0.0015154621999999979,0.0103639373,6.688929000000024e-05,-0.022625865949999997,0.024886562766796478
3.26076001,0.449034027,0.0170511734,0.0394513197,0.24727103125,-0.00762066279,0.0870515872,74.5850766402393,0.2509783098911676,0.002790567399999999,0.0131545047,0.0005245367599999995,-0.022101329189999998,0.02571983176202885
3.270805908,0.512518364,0.0423153852999999,-0.0127935093,0.2781254945,-0.007462705,0.0918659803,75.20073819743565,0.28161686100829647,0.0048143930999999945,0.017968897799999994,0.00015795778999999968,-0.021943371399999998,0.02836182004994007
3.280853027,0.112381274,0.0089162154999999,0.06965832485,0.213635474,-0.00614378481,0.0969692538,75.85574297582775,0.22488196208445715,0.005103273500000005,0.0230721713,0.0013189201900000004,-0.02062445121,0.03094661655512948
3.290898926,0.3032245295,-0.0244829543,0.152110159,-0.289075583,-0.00324771906,0.0962573851,76.53642067835266,0.3275692418543766,-0.0007118687000000068,0.022360302599999993,0.00289606575,-0.01772838546,0.0285355704933668
3.300946289,0.494067785,0.000438575633,0.129617188,-0.12630284565,-0.00521850932,0.092826762,77.24722180827766,0.1809784975981979,-0.003430623100000002,0.01892967949999999,-0.0019707902600000003,-0.01969917572,0.027320144399694477
3.310993164,0.306314385,-0.00645688083,0.107124217,0.0364698917,-0.00700201404,0.0915132016,77.99753653974905,0.11334611673332985,-0.0013135603999999967,0.017616119099999994,-0.0017835047199999997,-0.02148268044,0.02778188638362311
3.321039063,0.150936631,-0.0239043832,0.0102610923,-0.0392799415,-0.00638608377,0.0916762302,78.77890439780573,0.04711287887197071,0.00016302860000000363,0.017779147699999998,0.0006159302699999996,-0.02086675017,0.02741385335182944
3.331086182,0.0153073862,-0.0292592011,0.0169589408,-0.174757347,-0.00634447224,0.0905518013,79.57579986766403,0.17799954172004645,-0.0011244289000000018,0.016654718799999996,4.161153000000004e-05,-0.02082513864,0.026665821901495825
3.341132324,0.227762023,-0.0125031825,-0.011517222,-0.096925877,-0.00629790469,0.0890472436,80.3827484850907,0.0984052925784214,-0.0015045576999999921,0.015150161100000004,4.656755000000037e-05,-0.02077857109,0.025715295018687558
3.351178955,0.323008404,-0.00056902552,-0.025907347,0.00503670704,-0.00622329309,0.088580219,81.20938501649577,0.02639853852825201,-0.00046702460000000445,0.0146831365,7.46115999999998e-05,-0.02070395949,0.025382049484649446
3.361225098,0.202480721,0.0186076593,-0.059966322,-0.0399379134,-0.00653144838,0.088603754,82.0626187811253,0.07441264466190178,2.353500000000508e-05,0.014706671500000004,-0.00030815528999999977,-0.02101211478,0.025647517504366904
3.371272217,0.0412468602,0.0146555286,0.0241171271,-0.104174688,-0.00679796751,0.0878149236,82.93497548752943,0.10792954163712694,-0.0007888304000000096,0.013917841099999995,-0.00026651913000000013,-0.02127863391,0.02542610001476143
3.381318115,0.227431914,0.0121287219,-0.063811928,-0.0495391414,-0.00734320486,0.0869302019,83.81990801721612,0.08168962345765782,-0.0008847216999999935,0.013033119400000001,-0.00054523735,-0.021823871260000002,0.025419354005712075
3.391365234,0.145929032,0.0519035645,-0.00639604032,0.0188548304,-0.00761656204,0.0868586888,84.72084044824463,0.055591311992014454,-7.151310000000355e-05,0.012961606299999998,-0.00027335718000000026,-0.02209722844,0.02561817211679523
3.401411133,-0.0267434108,0.0197676644,-0.0121812522,-0.0472974554,-0.00746141304,0.086706482,85.63385421806656,0.052689588613937965,-0.00015220679999999875,0.012809399499999999,0.00015514900000000026,-0.02194207944,0.02540739195001862
3.411458008,0.143385631,0.0261086524,-0.00787518732,-0.0282430705,-0.0074898354,0.0862920427,86.55279384052758,0.039260047589592714,-0.0004144392999999996,0.0123949602,-2.8422360000000466e-05,-0.0219705018,0.025225740577897553
3.421503906,0.337457566,0.0267992727,-0.012963864,0.0150754899,-0.00770416391,0.086306533,87.48643103632017,0.03336964463077879,1.4490300000002954e-05,0.012409450500000002,-0.00021432850999999944,-0.02218483031,0.025419700186970047
3.43155127,0.158651004,0.0277100764,-0.0164984129,-0.0659938008,-0.00807016589,0.0860778632,88.44438753952868,0.07345221376066759,-0.00022866980000001147,0.01218078069999999,-0.0003660019799999999,-0.02255083229,0.025630283951474257
3.441597168,0.0753839615,0.0147921471,-0.03239692,-0.0937610045,-0.00831240358,0.0851825791,89.42027575613406,0.10029702889998017,-0.0008952840999999906,0.0112854966,-0.0002422376900000009,-0.02279306998,0.02543396297515959
3.451644043,0.0894786839,0.0332851373,0.0326350778,-0.0209299382,-0.008260866,0.0846035934,90.40613221315613,0.05109805261600214,-0.0005789857000000065,0.010706510899999994,5.153758000000022e-05,-0.0227415324,0.025135764789480118
3.461690186,-0.106637178,0.0298075862,-0.0303994417,-0.0490107238,-0.00821464777,0.0843033715,91.39557272113046,0.06492048442627348,-0.0003002218999999945,0.010406288999999999,4.6218230000000596e-05,-0.02269531417,0.02496734138883281
3.471737061,-0.203802909,0.0358114168,0.0495598391,-0.0495846346,-0.00836644268,0.0837622096,92.37697632110054,0.07872274901994167,-0.0005411619000000034,0.009865127099999996,-0.00015179491000000093,-0.022847109080000004,0.024885962428899008
3.48178418,-0.154667342,0.00039216876,0.0509219691,-0.0171591938,-0.0079928378,0.0833849671,93.3418456296767,0.053736753393032896,-0.0003772424999999996,0.009487884599999996,0.0003736048800000013,-0.0224735042,0.024394227702682753
3.491830078,-0.0631458267,0.000512277242,0.0129562113,-0.03938061,-0.00763518862,0.0831648099,94.29233465790051,0.041460321793191854,-0.00022015720000000127,0.009267727399999995,0.0003576491799999991,-0.022115855020000002,0.02397919544993889
3.501876953,0.123132751,0.00493838824,0.0168705434,0.00236071669,-0.0076032474,0.0829483709,95.2390099828072,0.017736287557172114,-0.00021643899999999883,0.009051288399999996,3.1941220000000596e-05,-0.0220839138,0.02386681944511679
3.511923096,0.194623577,-0.00161831407,0.0224847533,0.0677575618,-0.00724582379,0.083220305,96.1949653423057,0.07140917484799723,0.00027193409999999585,0.009323222499999992,0.0003574236100000001,-0.02172649019,0.023642395262762024
3.521969971,0.137723952,0.00036806846,-0.0258071385,0.118768901,-0.00715628817,0.084288355,97.16708177556553,0.12154092198390314,0.001068050000000001,0.010391272499999993,8.953561999999922e-05,-0.02163695457,0.024002840399283996
3.532016113,-0.204035987,0.0115978206,0.0453740954,0.014434237,-0.00713548121,0.0849481046,98.14571208938153,0.0490067870178229,0.0006597496000000092,0.011051022100000002,2.080696000000045e-05,-0.021616147609999997,0.02427721003229154
3.542063477,-0.277130377,0.000239172485,-0.00217587827,0.00198371639,-0.00699143453,0.0849101823,99.11090861416942,0.002954112462211603,-3.792230000000674e-05,0.011013099799999995,0.00014404668,-0.021472100929999998,0.0241317112023343
3.552109131,-0.331990898,0.00736499298,-0.0257307403,0.00167692034,-0.00716367685,0.0849925284,100.04895755860238,0.02681652810876529,8.23461000000053e-05,0.0110954459,-0.00017224232,-0.021644343249999996,0.024322551561126296
3.56215625,-0.483272835,0.0025077844,-0.0549419113,-0.0534633808,-0.00764234,0.0847017429,100.95188604898433,0.07670225346402647,-0.0002907855000000015,0.010804660399999999,-0.0004786631500000001,-0.022123006399999996,0.024620481281521875
3.572202148,-0.17620237,-0.0111654177,-0.0422191918,0.0679360107,-0.00809651366,0.0847797517,101.81820530751814,0.08076155185786844,7.800880000000121e-05,0.0108826692,-0.0004541736600000004,-0.022577180059999997,0.025063151206069244
3.582249268,-0.0434917165,0.00176782953,0.0095715262,0.107106991,-0.00846570102,0.0856814666,102.6628688317769,0.10754834659872047,0.000901714900000003,0.011784384100000003,-0.0003691873600000003,-0.022946367419999995,0.02579549352871486
3.592295166,-0.0452341032,0.014070835,0.00383347971,-4.71631e-05,-0.00865337373,0.0862995385,103.49979614114801,0.014583764556595403,0.000618071899999989,0.012402455999999992,-0.0001876727099999996,-0.023134040129999995,0.026248899549664667
3.602342041,0.0133275375,-0.00197231397,-0.0134690776,0.00786348991,-0.00852027184,0.0863203146,104.33381905015223,0.015720704416652288,2.0776100000008402e-05,0.0124232321,0.00013310189000000083,-0.023000938239999994,0.026141535068368967
3.612388184,0.181907815,0.0110279061,-0.0682582855,0.0266595483,-0.00905312535,0.0864825181,105.17182341719283,0.07410492404631396,0.0001622034999999994,0.0125854356,-0.0005328535100000004,-0.023533791749999994,0.026687685238216432
3.622435059,0.0592753419,0.0214841403,-0.0619053729,-0.0403634869,-0.00962503601,0.0865050337,106.02069114055142,0.0769613835182594,2.2515599999994862e-05,0.012607951199999995,-0.000571910660000001,-0.024105702409999995,0.02720377404223651
3.632480957,-0.0173771782,0.00905942917,-0.0224077627,-0.0616346858,-0.0100084884,0.0859191456,106.87648263376231,0.06620434713650214,-0.000585888100000001,0.012022063099999994,-0.0003834523899999987,-0.024489154799999996,0.027280921978531887
3.642528076,0.179733613,-0.0262419041,-0.0830418393,-0.0481456704,-0.0107354477,0.0852338721,107.73743416637538,0.09951175902066076,-0.0006852734999999999,0.011336789599999994,-0.0007269592999999998,-0.025216114099999996,0.027647336376925836
3.652573975,0.301784414,-0.0040745507,-0.071348168,0.0485920571,-0.0114339538,0.0853662244,108.61421634341745,0.08641962192449558,0.0001323522999999993,0.011469141899999993,-0.0006985061000000011,-0.025914620199999995,0.02833917352416233
3.66262085,0.311544614,0.0220625773,-0.0385861397,0.0650374591,-0.0119705009,0.0859975953,109.51818324675014,0.07877511396532895,0.0006313708999999973,0.01210051279999999,-0.0005365470999999997,-0.026451167299999995,0.029087568849175977
3.672667236,0.284559869,0.0157881714,0.0126397656,0.0247962959,-0.0122365327,0.0864060001,110.45204103183792,0.0319982237153733,0.0004084048000000118,0.012508917600000002,-0.0002660318000000002,-0.026717199099999995,0.029500538084459245
3.682714111,0.345288478,0.00989026763,-0.00332147907,0.0363260917,-0.012014171,0.0867711093,111.41628951025854,0.03779463659307075,0.00036510919999999114,0.012874026799999994,0.00022236169999999972,-0.026494837399999995,0.02945703608477195
3.692760986,0.328949557,0.0278277248,-0.0105535593,0.0310764704,-0.0122893817,0.0870438958,112.41281798177344,0.04302914005607395,0.0002727865000000107,0.013146813300000004,-0.00027521069999999863,-0.026770048099999992,0.029824053634966697
3.702807373,0.211111552,0.0198881738,0.0218436774,0.0272524245,-0.0119657547,0.0874805972,113.43935343386545,0.04019179444342436,0.00043670139999998914,0.013583514699999993,0.00032362699999999994,-0.026446421099999992,0.02973087722559899
3.712854248,0.142051167,0.00738862762,0.0228809789,0.0207106359,-0.0118960239,0.0875798912,114.48804803055607,0.03173423156327629,9.929399999999977e-05,0.013682808699999993,6.973079999999902e-05,-0.02637669029999999,0.029714458519429714
3.722900146,0.36280543,0.016331654,0.0205236971,0.0589847751,-0.0116143402,0.0880433974,115.55787588192662,0.06455345659703936,0.0004635062000000051,0.014146314899999998,0.00028168370000000026,-0.02609500659999999,0.029682782799191943
3.732947266,0.21452231,0.0111462139,0.0288167801,0.0208011717,-0.0115018477,0.0884731068,116.6546209169173,0.03724692797707202,0.0004297094000000057,0.014576024300000004,0.00011249250000000023,-0.025982514099999993,0.029791802955693853
3.742993164,0.235202183,0.00150250783,0.031626299,-0.0318953395,-0.0112242696,0.0883995668,117.77665193099018,0.04494210720512415,-7.354000000001082e-05,0.014502484299999993,0.00027757810000000015,-0.02570493599999999,0.02951382363632069
3.753040039,0.33117359,0.0247548334,-0.0301590394,-0.041774869,-0.0113920121,0.0880833804,118.9239424695026,0.05716213007017556,-0.0003161864000000014,0.014186297899999992,-0.00016774249999999997,-0.02587267849999999,0.02950672026626995
3.763086182,0.26848749,0.00416127592,0.0463459417,-0.021935083,-0.0111625906,0.0877629448,120.100009093033,0.051443273569622874,-0.00032043559999998805,0.013865862300000004,0.00022942150000000022,-0.02564325699999999,0.029151994218073827
3.773133057,0.280015796,0.00300226826,-0.00453960942,-0.0114451572,-0.0109227919,0.0875797677,121.30458079002389,0.012673329938254901,-0.00018317710000000098,0.013682685200000003,0.00023979870000000007,-0.025403458299999987,0.02885396970751403
3.783178955,0.0886501972,0.00728815887,-0.00691446336,0.00455145258,-0.0107221034,0.087612537,122.5317349054152,0.011029178748172087,3.2769299999999e-05,0.013715454500000002,0.00020068849999999895,-0.02520276979999999,0.028693087978350497
3.793226074,-0.0862009774,0.00728682708,-0.042704951,-0.038808804,-0.0110803323,0.0874517346,123.76822370750303,0.0581629947364872,-0.0001608024000000069,0.013554652099999995,-0.00035822890000000024,-0.02556099869999999,0.028932563800904948
3.803271973,-0.0923544586,0.00729335519,-0.0243597757,-0.00853681099,-0.0113857406,0.0870975697,125.0002040702211,0.026822916395515144,-0.00035416489999999523,0.0132004872,-0.00030540829999999887,-0.025866406999999987,0.029040039142656338
3.813319092,-0.0928426805,0.025189532,0.0306880288,0.0857670531,-0.0116667007,0.087507117,126.22333019562873,0.0945106080367007,0.0004095472999999933,0.013610034499999993,-0.00028096009999999984,-0.026147367099999985,0.029477412460277984
3.823365234,-0.273236511,0.0159699973,0.0127028245,0.066061832,-0.011645471,0.0882953959,127.43269320848175,0.06914165322897647,0.0007882789000000084,0.014398313400000001,2.1229700000000018e-05,-0.026126137399999985,0.02983096519069233
3.833412109,-0.182630942,0.00268348632,-0.0266515054,0.0723652691,-0.0114417735,0.0890536921,128.62179951231275,0.07716369619731335,0.0007582961999999943,0.015156609599999996,0.00020369749999999895,-0.025922439899999986,0.030028248449350543
3.843458252,-0.0736925013,0.016802704,-0.0573627315,0.026166575,-0.0118038079,0.0894675523,129.7931920962546,0.06524954769255749,0.0004138602000000047,0.0155704698,-0.00036203439999999906,-0.026284474299999985,0.030550173796888156
3.853505127,-0.17635493,0.0403373241,0.0351208635,0.0372399986,-0.0120506098,0.0897881574,130.95213631848338,0.0651720205629845,0.000320605099999996,0.015891074899999996,-0.0002468019000000012,-0.026531276199999988,0.03092628135224304
3.863552002,-0.36155017,0.0089392541,-0.0382241011,-0.0448555537,-0.012200418,0.0897479348,132.09157638621747,0.05960715449089121,-4.022260000000055e-05,0.015850852299999996,-0.00014980819999999874,-0.026681084399999985,0.031034332333664563
3.873598145,-0.439614529,0.0204888508,0.00563123683,0.00584011246,-0.0123812229,0.0895075707,133.19779135972956,0.022036577522057645,-0.0002403641000000012,0.015610488199999994,-0.0001808049000000013,-0.026861889299999987,0.031068447637559764
3.883645264,-0.484116738,0.0205093585,-0.0151369236,0.0691085905,-0.012445648,0.0898997744,134.26141738228446,0.07365974153532205,0.00039220369999999616,0.01600269189999999,-6.44250999999995e-05,-0.026926314399999984,0.03132271628090341
3.893691162,-0.565697362,0.0313106067,0.0109303631,0.030925516,-0.0124862229,0.0904509503,135.27606978510656,0.045345501092017744,0.000551175900000006,0.016553867799999997,-4.057489999999969e-05,-0.026966889299999984,0.031642434445824964
3.903738037,-0.485243952,0.0195077416,0.0442221016,-0.0142098088,-0.0123169303,0.0905221805,136.23882348679138,0.05037921117272134,7.123019999999425e-05,0.01662509799999999,0.00016929259999999904,-0.026797596699999985,0.03153577448558151
3.91378418,-0.404790542,0.0217969939,0.0490850359,0.0066283606,-0.0117058086,0.0905298108,137.15346726005313,0.05411455309456559,7.63030000000553e-06,0.016632728299999996,0.0006111217000000016,-0.026186474999999983,0.0310222359546704
3.923831299,-0.0955482862,0.0215375349,0.0184659064,0.0162022132,-0.0115447733,0.0905697685,138.03378451114457,0.032670580363999245,3.9957699999995655e-05,0.016672685999999992,0.00016103529999999915,-0.026025439699999986,0.03090795965496479
3.933877197,0.00148242058,0.00423870562,0.0587608665,-0.006386186,-0.0109123213,0.0906837228,138.89928286267067,0.05925866543207363,0.00011395430000001039,0.016786640300000003,0.0006324520000000004,-0.025392987699999987,0.030440024916118823
3.943923828,-0.105119613,-0.00474946341,0.100752257,-0.0519587286,-0.0101068854,0.090417106,139.75995103780755,0.1134604960812592,-0.000266616800000008,0.016520023499999995,0.0008054359,-0.02458755179999999,0.029621932414314815
3.953969727,-0.145737601,-0.0268433131,0.0391517431,-0.0737319365,-0.00942173726,0.0896902536,140.61178323781084,0.08769162392151864,-0.0007268523999999915,0.015793171100000003,0.0006851481399999994,-0.023902403659999988,0.028648719938584623
3.964016602,-0.186396943,0.00391686475,0.0785918236,0.0266027637,-0.00883537773,0.0893421983,141.44926803054642,0.08306457489641025,-0.00034805530000001084,0.015445115799999992,0.0005863595300000003,-0.023316044129999988,0.0279676512411664
3.9740625,-0.209002962,0.0179831479,0.0581163727,0.0614164062,-0.00807912151,0.0899079498,142.26866545732125,0.0864458289029724,0.000565751500000003,0.016010867299999995,0.0007562562199999994,-0.02255978790999999,0.027663909742521767
3.984109619,-0.462037885,0.0140250241,0.070962809,-0.0418002717,-0.00772973291,0.0899847906,143.06176482147214,0.08354450476464556,7.684080000000537e-05,0.0160877081,0.00034938860000000016,-0.02221039930999999,0.027424736815883095
3.994155762,-0.272837429,0.00350181013,0.0157245919,-0.0971367657,-0.00716842785,0.0891941305,143.81999001836388,0.09846358065429478,-0.0007906601000000069,0.015297047999999994,0.0005613050600000004,-0.02164909424999999,0.02650816778579173
4.004202393,0.0901697349,0.0242588222,0.0804165676,-0.00609859545,-0.00662125877,0.0885952782,144.55554213148469,0.08421702717122793,-0.000598852299999994,0.0146981957,0.0005471690799999998,-0.02110192516999999,0.025716302275322896
4.014248779,0.130776617,0.0224084556,0.0111157838,-0.0409167632,-0.00637920401,0.0883711317,145.29202361467443,0.047957075000779475,-0.00022414650000000813,0.014474049199999992,0.0002420547599999998,-0.02085987040999999,0.025389609956949194
4.024295654,-0.0321943697,0.0235917009,-0.00872157142,-0.105673917,-0.00612029068,0.0876802246,146.03644995675634,0.10862601388945518,-0.0006909070999999989,0.013783142099999993,0.0002589133299999999,-0.020600957079999992,0.024786577794459527
4.034341553,-0.0229651344,0.0161436349,0.0787883103,-0.0630931705,-0.00591297304,0.0867868858,146.78187885128327,0.10222016900521959,-0.0008933387999999903,0.012889803300000002,0.0002073176400000003,-0.020393639439999993,0.02412566182970768
4.044388916,-0.186190534,0.011971727,-0.0133030042,-0.107316479,-0.00572137238,0.0860087654,147.52087335947544,0.1087985240390015,-0.0007781203999999986,0.012111682900000004,0.00019160066000000007,-0.020202038779999994,0.02355451620260489
4.054434814,-0.387428196,0.00180217996,0.0475656763,-0.0707600713,-0.00520641519,0.0851230597,148.24038714828998,0.08528029728410713,-0.0008857057000000029,0.0112259772,0.00051495719,-0.019687081589999995,0.022662827397000502
4.064481689,-0.383852895,0.0129616912,-0.0186140854,-0.096704714,-0.00528277327,0.0843251088,148.92668204681323,0.09932920680174812,-0.0007979508999999968,0.010428026300000004,-7.635808000000001e-05,-0.019763439669999994,0.02234585599396947
4.074527832,-0.402608229,0.0258228946,0.0694779605,-0.114557214,-0.00504598114,0.0832327355,149.57437244569772,0.13644546221917409,-0.0010923733000000047,0.009335653,0.0002367921299999999,-0.019526647539999994,0.021643575977360968
4.084574707,-0.167663967,0.0089522358,0.0123591553,-0.11204461,-0.00472487533,0.0820857539,150.18852829566453,0.11307911334813525,-0.0011469815999999994,0.0081886714,0.0003211058099999997,-0.019205541729999994,0.020878390082569802
4.094621582,0.0412398459,-0.00126205245,-0.028298527,-0.100281693,-0.00462353572,0.0810456963,150.78543885220972,0.10420564935598516,-0.001040057600000005,0.007148613799999995,0.00010133960999999993,-0.019104202119999993,0.02039787287692917
4.104667725,0.202175381,0.0272036754,0.0423634835,-0.0261699874,-0.00471703298,0.0804104158,151.3852011445317,0.05674128065209223,-0.0006352805000000017,0.006513333299999993,-9.34972599999995e-05,-0.019197699379999992,0.020272522589992122
4.1147146,0.116148299,0.0291155614,0.00637725554,-0.0171258915,-0.00450103684,0.0801975924,151.99891139737213,0.034375594009840804,-0.00021282339999999234,0.006300509900000001,0.00021599613999999986,-0.01898170323999999,0.020000037072251245
4.124760498,-0.0580767067,0.0214966536,0.100475639,-0.00230725249,-0.00383868515,0.0801315752,152.62187782037543,0.10277540348988821,-6.601720000000422e-05,0.006234492699999997,0.0006623516900000001,-0.01831935154999999,0.01935116380063071
4.134807617,-0.185306518,0.0231483467,-0.0183237121,-0.118919358,-0.00364249436,0.0795307102,153.24033255183286,0.12252925400572409,-0.000600865000000006,0.005633627699999991,0.00019619079000000005,-0.018123160759999993,0.018978585748021654
4.144853516,-0.0848874106,0.0207848605,0.135759026,-0.0260424651,-0.00310468413,0.0786900915,153.84600137119418,0.13978817387375034,-0.0008406186999999898,0.004793009000000001,0.0005378102300000001,-0.01758535052999999,0.01822683429828263
4.154900391,-0.0664095046,0.0157267191,0.0440224484,-0.0408842601,-0.00251781777,0.0784526115,154.44129653906558,0.06210336851335376,-0.00023747999999999825,0.004555529000000003,0.00058686636,-0.01699848416999999,0.01759833255020433
4.164946533,-0.0671286858,0.00638268376,0.0540388376,-0.0177359618,-0.00168519151,0.0780576232,155.02949852002732,0.05723197499746449,-0.00039498830000000984,0.004160540699999993,0.0008326262599999998,-0.01616585790999999,0.01669266488259636
4.174993652,0.227040869,0.0133021101,0.116862543,0.0721308142,-0.00119618146,0.0783312948,155.6184108918184,0.13797338310954868,0.0002736716000000111,0.004434212300000004,0.00048901005,-0.015676847859999992,0.016291893614526754
4.185039795,0.232601134,0.0036942251,0.0202254169,0.00812870637,-0.000256745608,0.0788847324,156.22260000285124,0.022108610429376927,0.000553437599999998,0.004987649900000002,0.000939435852,-0.014737412007999991,0.015558533485470677
4.195086914,0.18766784,-0.00852196105,0.0976147503,-0.0714329705,-4.46756e-05,0.0783753335,156.84862816241198,0.12125977309364774,-0.0005093988999999993,0.0044782510000000025,0.00021207000800000002,-0.014525341999999991,0.015200009613022118
4.205132812,0.242392241,-0.000425087288,0.0204990469,-0.0754523799,0.000480524864,0.0776209749,157.49562557099017,0.07818857496837209,-0.0007543586000000047,0.003723892399999998,0.000525200464,-0.014000141535999992,0.014486936792669798
4.215179688,0.138921199,-0.0230097584,0.0364274159,-0.0692445487,0.000932518015,0.0768637527,158.16276882779198,0.0815549700229521,-0.0007572222000000045,0.0029666701999999934,0.000451993151,-0.013548148384999991,0.013869154867458431
4.22522583,0.0250998814,-0.00948822219,0.0456622764,-0.061996989,0.0011658153,0.0761498938,158.84336070616632,0.07758025838718847,-0.0007138589000000028,0.0022528112999999905,0.0002332972850000001,-0.013314851099999992,0.013504088957370602
4.235272705,-0.081280253,-0.0266182069,-0.0178368054,-0.128182396,0.00140726087,0.075248294,159.52667132292365,0.1321264818639681,-0.0009015997999999997,0.0013512114999999908,0.00024144556999999996,-0.013073405529999992,0.013143047769431815
4.245318604,-0.0220415167,-0.00590400957,0.00873749517,-0.040657673,0.00128648169,0.0742977745,160.2059680421702,0.042002946618342786,-0.0009505194999999966,0.00040069199999999416,-0.00012077918000000004,-0.013194184709999992,0.01320026758215384
4.255365723,0.0696167032,0.028881669,0.0439820364,-0.0495550297,0.00144004792,0.0739387388,160.88396760778164,0.07227912076585027,-0.00035903569999999607,4.165629999999809e-05,0.0001535662300000001,-0.013040618479999991,0.013040685012231795
4.265411621,0.0932074952,0.00295339711,-0.0386720672,-0.0927121118,0.00146388273,0.0731225196,161.56709191490052,0.10049769654288784,-0.0008162191999999957,-0.0007745628999999976,2.3834809999999937e-05,-0.013016783669999992,0.013039808464760319
4.275458496,0.229355064,0.0438646078,-0.0176059306,-0.0844877362,0.00101122519,0.0722175587,162.26229702355457,0.09681038259371062,-0.0009049609000000014,-0.001679523799999999,-0.00045265754,-0.013469441209999992,0.013573748439705683
4.285505859,0.104254886,0.0325201452,0.0124677476,-0.12498939,0.00109366429,0.0711463643,162.97377929935473,0.1297511163212806,-0.0010711944000000029,-0.002750718200000002,8.243909999999994e-05,-0.013387002109999992,0.013666684898282959
4.295551758,0.0982545495,0.0221743006,-0.0215008724,-0.0626780763,0.00111806185,0.0701658528,163.69842706982007,0.0698750911965692,-0.000980511500000003,-0.003731229700000005,2.4397559999999935e-05,-0.013362604549999992,0.013873762122576652
4.305598633,-0.0113174398,0.0345559306,-0.00180477696,-0.0600169785,0.000990182182,0.0695960874,164.4303094134653,0.06927775449433118,-0.0005697653999999913,-0.004300995099999996,-0.00012787966799999995,-0.013490484217999992,0.01415950999457011
4.315644775,-0.240593594,0.0322810598,-0.00139225367,-0.112103082,0.000831098262,0.0688892877,165.1580555209447,0.11666664555900941,-0.0007067997000000104,-0.005007794800000007,-0.00015908391999999998,-0.013649568137999992,0.01453921315315281
4.32569165,-0.332715924,0.0274578147,0.00596353412,-0.160235628,0.000980838258,0.0674571857,165.86542853396443,0.16268052067735192,-0.0014321019999999907,-0.006439896799999997,0.000149739996,-0.013499828141999992,0.014957193274748613
4.335737549,-0.150183547,0.0215586443,0.0173304379,-0.121260002,0.00104222114,0.0660476315,166.5465922355022,0.12437486605781606,-0.00140955420000001,-0.007849451000000007,6.138288199999996e-05,-0.013438445259999992,0.015562958973389905
4.345784668,0.0323521176,0.0330463909,0.024134757,-0.0820970237,0.0011377844,0.0650208297,167.2129695229071,0.09173042977858009,-0.0010268017999999907,-0.008876252799999998,9.556325999999994e-05,-0.013342881999999992,0.016025615864466224
4.355830811,0.0443673303,0.0136473924,0.0645378381,-0.105580248,0.0018323696,0.0641843589,167.8782642987923,0.12449326340683214,-0.0008364708000000026,-0.0097127236,0.0006945852,-0.012648296799999991,0.01594730107795319
4.365877686,0.0112367027,-0.00269956118,0.0496408679,-0.108039394,0.00221916696,0.0630467169,168.5468828095391,0.11892860905735445,-0.0011376420000000081,-0.010850365600000009,0.00038679736,-0.012261499439999992,0.01637299001925988
4.375923828,0.101412721,0.00134151941,0.0805236846,-0.119607627,0.00294521525,0.0619402698,169.2196168023794,0.144193785900984,-0.001106447099999991,-0.0119568127,0.0007260482900000001,-0.011535451149999992,0.01661421088035533
4.385970703,0.00578848374,0.0039813132,-0.00701096468,-0.0931380168,0.00309435181,0.060808391,169.8978416296734,0.09348633404930254,-0.0011318787999999996,-0.0130886915,0.00014913656000000016,-0.011386314589999991,0.01734825654423576
4.396016602,-0.130239478,0.00715793157,0.00639512204,0.0256075412,0.00336318688,0.0605019043,170.57557392848707,0.02734738994085165,-0.00030648670000000405,-0.013395178200000003,0.00026883507,-0.01111747951999999,0.017407732474029308
4.406063721,-0.22235209,0.00284774089,0.0313724279,0.0618843809,0.00325227049,0.0609212044,171.2415801197388,0.06944073343430038,0.0004193000999999988,-0.012975878100000005,-0.00011091639000000014,-0.01122839590999999,0.017159553816395234
4.416109619,-0.267559159,0.0138979945,0.00799120683,0.0129083171,0.00362873945,0.0613016977,171.88665393285115,0.02058247526601262,0.00038049329999999965,-0.012595384800000005,0.0003764689600000001,-0.01085192694999999,0.016625523654556187
4.426156738,-0.138695719,0.011347549,0.0250572599,-0.0729860812,0.00385463317,0.061074989,172.50962378505236,0.0779974434897487,-0.00022670869999999455,-0.0128220935,0.00022589371999999974,-0.01062603322999999,0.016652887555250177
4.436202637,-0.0241475856,-0.000685146078,-0.0611838847,-0.152585313,0.00362791769,0.0598597535,173.1184326447829,0.16439651734583388,-0.0012152355000000017,-0.014037329000000001,-0.00022671547999999998,-0.01085274870999999,0.017743414553480046
4.446249756,0.193001602,-0.00290055783,-0.054626517,-0.0722944438,0.00298926978,0.0586394535,173.72746471943293,0.0906584590627252,-0.0012203000000000006,-0.015257629000000002,-0.0006386479099999998,-0.01149139661999999,0.019100980052860855
4.456295654,0.389756018,-0.000277344137,0.0391396319999999,0.0352216214,0.00194900392,0.0585458053,174.35502427962797,0.052655012362648655,-9.364819999999746e-05,-0.0153512772,-0.00104026586,-0.01253166247999999,0.01981676755134094
4.466342773,0.145166523,0.0440795273,0.132905781,0.146622211,0.00267267479,0.0597297324,175.01032559352737,0.20274373999889597,0.0011839270999999957,-0.014167350100000003,0.0007236708700000003,-0.01180799160999999,0.018442951898158828
4.476389648,-0.230398838,0.03048928455,-0.048076801,-0.126784831,0.00137896155,0.0599768629,175.67674247710016,0.13897974182758804,0.0002471304999999979,-0.013920219600000006,-0.0012937132400000003,-0.013101704849999991,0.019116149813410064
4.486435547,-0.406968872,0.0168990418,-0.043667946,-0.060261976,0.000146692629,0.0593503809,176.32521140513217,0.07631495838327922,-0.0006264819999999977,-0.014546701600000003,-0.001232268921,-0.014333973770999991,0.02042227537536301
4.496482666,0.370085906,-0.00907583348,-0.039259091,0.188886866,-0.00143359045,0.059746452,176.95707049262091,0.19313698539328225,0.0003960710999999992,-0.014150630500000004,-0.001580283079,-0.015914256849999992,0.021295631350943835
4.506528564,0.469504568,0.00780608132,0.0555499941,0.2707017435,-0.00114189169,0.0634062967,177.60871820060262,0.2764528362741541,0.0036598447000000048,-0.0104907858,0.00029169875999999996,-0.015622558089999992,0.018818100541152016
4.516575439,0.190121517,-0.030647302,0.0230549034,0.24226405075,-0.000849391123,0.0675340179,178.29753730454325,0.2452807696833592,0.0041277212000000035,-0.006363064599999996,0.000292500567,-0.015330057522999992,0.016598170223318647
4.526621582,0.0396152404,0.0088126231,0.0460567735,0.213826358,-0.000222632966,0.0703666017,179.00831856343316,0.2189077433227914,0.0028325837999999964,-0.0035304807999999993,0.000626758157,-0.014703299365999992,0.015121220417855975
4.536668701,0.193928873,0.0376485325,0.07301303,0.203632578,0.000168397884,0.0723438225,179.7306364516139,0.21957809857112467,0.0019772207999999986,-0.0015532600000000008,0.00039103084999999997,-0.014312268515999992,0.014396306703515476
4.5467146,0.261895983,0.0259621777,0.0041306098,0.213858783,0.000403702289,0.0744584536,180.46992793693212,0.215468502743411,0.0021146311,0.0005613710999999993,0.00023530440500000002,-0.014076964110999993,0.014088153040562025
4.556761963,0.0987486897,0.0373618379,0.123430103,0.243808419,0.00125677587,0.0768260257,181.22953751363855,0.27581414472999033,0.0023675720999999927,0.002928943199999992,0.0008530735809999998,-0.013223890529999994,0.013544371119334028
4.566807861,-0.0530702767,0.0201588832,0.0890394002,0.172796801,0.0021785557,0.0788374496,181.99909337524008,0.19543062655500185,0.0020114239000000034,0.0049403670999999955,0.0009217798299999999,-0.012302110699999994,0.013257041704611805
4.576854736,0.0102129126,0.0273616705,0.0467473455,0.187087595,0.00295305254,0.0806729757,182.76879379828716,0.1947710027871987,0.0018355260999999984,0.006775893199999994,0.0007744968400000001,-0.011527613859999994,0.013371559743091684
4.586900635,0.0401395566,0.0153111313,0.138920113,0.269842923,0.00360214303,0.0828468852,183.5386048359868,0.3038888474932941,0.0021739095000000014,0.008949802699999995,0.00064909049,-0.010878523369999994,0.014086917302254713
4.596947754,0.168086941,0.0136109702,0.0581339225,0.303217173,0.00482749367,0.0858490287,184.3149101149163,0.30903958558271016,0.0030021434999999985,0.011951946199999994,0.0012253506400000005,-0.009653172729999993,0.015363357761990371
4.606993652,0.0917690599,0.00134744542,0.0955053195,0.189508557,0.00535335339,0.0883300744,185.10270585010431,0.21221822456655132,0.0024810457000000036,0.014432991899999997,0.0005258597199999998,-0.009127313009999992,0.01707685855091564
4.617040527,0.000108355745,-0.00611020438,-0.0199802592,-0.14693737,0.00598302613,0.0887199178,185.89928401764303,0.14841541718359808,0.00038984340000000617,0.014822835300000003,0.00062967274,-0.008497640269999992,0.017085851939228895
4.62708667,0.0325297391,-0.0033959772,0.0941161588,0.0913997069,0.00599864985,0.0881326913,186.6988859912714,0.13123753437875782,-0.0005872265000000099,0.014235608799999994,1.5623719999999924e-05,-0.008482016549999992,0.016570973497688993
4.637133545,0.272821135,0.0194970872,-0.0893412828,0.240911961,0.00629350113,0.0899529928,187.50691239420854,0.2576830886466931,0.00182030150000001,0.016055910300000004,0.00029485128000000024,-0.00818716526999999,0.018022816947412527
4.647179443,-0.145476246,-0.00457868772,0.115902267,0.230026722,0.00651233029,0.0929500966,188.325569372529,0.2576171436668023,0.0029971037999999978,0.0190530141,0.0002188291599999996,-0.007968336109999991,0.020652160338732815
4.657226563,-0.451621851,0.00629739603,-0.0420114622,-0.223940775,0.00720898152,0.0928288163,189.13269720256847,0.22793440034479506,-0.00012128029999999845,0.018931733800000003,0.0006966512300000003,-0.007271684879999991,0.02028023534548066
4.667272461,-0.276841915,0.00226670317,0.0903773159,-0.297370404,0.00724584138,0.0899331602,189.90691987307264,0.3108091928300585,-0.0028956561000000047,0.016036077699999998,3.685985999999936e-05,-0.0072348250199999915,0.017592568916177508
4.67731958,0.355543915,-0.00053547509,0.00513299182,-0.0555305965,0.0076867462,0.0881272253,190.66515452994733,0.0557698976710735,-0.0018059349000000002,0.014230142799999998,0.00044090481999999997,-0.0067939201999999916,0.015768776610516105
4.687366699,0.478461489,0.0313586146,-0.01332625,0.0998493731,0.00746017732,0.0884402644,191.44598249058552,0.10550283862132259,0.00031303909999999546,0.014543181899999993,-0.00022656887999999986,-0.007020489079999991,0.016149037330407238
4.697412598,0.0949368763,0.026919391,0.0251111537,0.0218405928,0.00769375451,0.0892211845,192.26154877920538,0.04280461594047208,0.0007809200999999988,0.015324101999999992,0.00023357719000000055,-0.006786911889999991,0.016759781475575004
4.707459473,-0.067010247,0.0167895835,0.0476471074,-0.116164975,0.0079232488,0.0887269559,193.09207749586142,0.12667453719844898,-0.0004942285999999935,0.014829873399999999,0.00022949428999999907,-0.006557417599999992,0.01621495823740589
4.717505859,-0.0351639601,0.00327164494,0.0136467963,-0.111919098,0.00828897985,0.0874987736,193.92072815464857,0.11279549284878684,-0.0012281823000000053,0.013601691099999993,0.00036573105,-0.006191686549999992,0.014944664034807535
4.727552734,-0.158180976,0.0315917656,0.0535471365,-0.0652377382,0.00833109076,0.0865935637,194.7421042980488,0.09011824435998915,-0.0009052098999999952,0.012696481199999998,4.211091000000042e-05,-0.006149575639999991,0.014107370960389278
4.737598633,-0.204115263,0.0227836277,0.0582497455,0.076003544,0.00881620055,0.0866093375,195.54964909469697,0.09843101768521402,1.577379999999351e-05,0.012712254999999992,0.0004851097900000004,-0.005664465849999991,0.013917169272191846
4.747645752,-0.441915134,0.0184561927,0.0485242605,-0.0119295754,0.0096110827,0.0870202506,196.3323327732931,0.05326865565485653,0.00041091310000000714,0.013123168099999999,0.0007948821500000005,-0.0048695836999999905,0.01399751357892405
4.75769165,-0.493813006,0.00905123912,0.0975306854,-0.0973323509,0.0101079532,0.0864409255,197.0757738058595,0.13808600963139575,-0.0005793250999999999,0.012543842999999999,0.0004968704999999997,-0.004372713199999991,0.013284149123602276
4.767738525,-0.10240144,-0.00399152283,0.0801072121,-0.100458719,0.0110895793,0.0854566139,197.78136928540295,0.1285498032206108,-0.0009843115999999957,0.011559531400000003,0.000981626099999999,-0.003391087099999992,0.012046669162360706
4.777784668,0.155459442,-0.0050615808,0.0884575546,-0.0943531543,0.0120538186,0.0844648121,198.4734695125484,0.1294329026653058,-0.0009918018000000112,0.010567729599999992,0.000964239300000001,-0.002426847799999991,0.010842808637206542
4.787831543,0.227359726,-0.0153076947,0.0525777638,-0.0928256065,0.0126491929,0.0834617662,199.17640932154512,0.10777448670872825,-0.0010030458999999992,0.009564683699999993,0.0005953742999999997,-0.0018314734999999912,0.009738453134982361
4.797877441,0.0710817342,-0.00127283623,0.0518334098,-0.00722361868,0.0134086222,0.0830272757,199.89614163008332,0.05234981518971372,-0.00043449049999999545,0.009130193199999997,0.0007594292999999995,-0.0010720441999999917,0.009192916111663361
4.807924805,0.0269824072,0.00391992554,0.0522578992,0.0238897428,0.0139213143,0.0833226665,200.62579353253943,0.05759317369347392,0.0002953908000000033,0.009425584,0.0005126921,-0.0005593520999999917,0.009442166515838958
4.817970703,-0.420488316,0.0131831989,0.0876214802,-0.0954920501,0.0146941592,0.0828424606,201.34802769154268,0.13026915274913267,-0.0004802059000000025,0.008945378099999998,0.0007728448999999998,0.0002134928000000081,0.008947925375617045
4.828017578,-0.175453963,0.0166913811,0.0330506489,-0.0465908125,0.0151808642,0.0820236051,202.04584126998213,0.05951177534863722,-0.000818855500000007,0.008126522599999991,0.00048670500000000047,0.0007001978000000086,0.008156632057867725
4.838063721,-0.0783211109,0.0279941019,0.00744382106,-0.0368489698,0.0154990951,0.0817498779,202.72257298044337,0.046871385604462294,-0.0002737271999999902,0.007852795400000001,0.0003182309000000008,0.0010184287000000094,0.007918560008691284
4.848110596,-0.0780251236,0.0204651468,-0.00255049393,-0.0552735999,0.0157079357,0.0812290143,203.3892027430287,0.05899574644614471,-0.0005208636000000044,0.007331931799999997,0.00020884060000000114,0.0012272693000000105,0.007433936632402357
4.858156738,0.255833541,0.0219783559,0.00730959326,0.0418902338,0.0155705774,0.0810776851,204.05631476226228,0.04786721184184812,-0.0001513291999999944,0.007180602600000002,-0.00013735830000000115,0.0010899110000000094,0.007262847904716704
4.868203613,0.152848602,0.0305648558,0.0992349312,-0.0781657323,0.0160253536,0.0811507193,204.7379925102562,0.12996793330025216,7.303419999998839e-05,0.007253636799999991,0.0004547761999999997,0.001544687200000009,0.007416286494746408
4.878249756,0.0255704215,-0.00367700681,0.0230831727,-0.0897448957,0.0167377866,0.0801774638,205.43415170114383,0.0927388782829655,-0.0009732554999999921,0.006280381299999999,0.0007124329999999984,0.0022571202000000075,0.006673663227241673
4.888296631,0.132860803,0.0108530689,-0.0306649283,-0.0593019985,0.0165070597,0.079350887,206.13869933448743,0.06763766671231564,-0.0008265768000000062,0.005453804499999992,-0.00023072689999999868,0.002026393300000009,0.005818097054063734
4.89834375,-0.0765293321,0.0272216555,-0.00366926147,-0.0612857863,0.0164576553,0.0788256415,206.8485802531494,0.06715973205951,-0.0005252454999999934,0.004928558999999999,-4.940440000000129e-05,0.0019769889000000075,0.00531028990990174
4.908389648,-0.0106971159,0.00865522772,-0.00618106499,0.0211226512,0.0164169265,0.0785339693,207.55761047799967,0.02364920558945948,-0.0002916721999999955,0.0046368868000000035,-4.0728799999997095e-05,0.0019362601000000104,0.005024920135769953
4.918436768,-0.00158047412,0.0151844993,0.0300176851,0.0613917746,0.0166212308,0.0790991449,208.2642640738819,0.07000414577931559,0.0005651755999999952,0.005202062399999999,0.00020430429999999944,0.00214056440000001,0.005625252808900339
4.92848291,-0.0864609436,0.00680898968,-0.0126345214,-0.0433525145,0.0165539237,0.0791260807,208.9683660239033,0.04566655214642457,2.6935800000002508e-05,0.005228998200000001,-6.730710000000042e-05,0.0020732573000000094,0.005625017156205533
4.938529785,0.17513043,0.0324475095,-0.00394702377,0.0262052584,0.0164260095,0.0789755652,209.6725350531023,0.04189433657672963,-0.00015051550000000358,0.005078482699999998,-0.000127914199999999,0.0019453431000000104,0.005438322012433331
4.948575684,0.34870384,0.0254704952,-0.0218559038,0.0551559068,0.0164809431,0.0795412793,210.3917942223774,0.06456470174622016,0.0005657141000000032,0.005644196800000001,5.493359999999767e-05,0.002000276700000008,0.005988160351367787
4.958622803,0.302295067,0.0252217557,0.00281934813,0.0463717356,0.0160876806,0.0800136436,211.14022117248652,0.052862307431902025,0.00047236429999999996,0.006116561100000001,-0.00039326249999999813,0.00160701420000001,0.006324145343762657
4.968668701,0.125126336,0.028006088,0.0531838499,0.0157697871,0.0167502467,0.0804425048,211.9152480256615,0.06214136336152274,0.0004288611999999914,0.006545422299999992,0.0006625660999999977,0.0022695803000000077,0.006927737568895441
4.978715576,-0.0416963575,0.00975011848,0.0636114553,0.021573348,0.0171112333,0.08046018,212.70299430604064,0.06787408489023655,1.7675200000011326e-05,0.006563097500000004,0.0003609866000000017,0.0026305669000000094,0.00707065279941548
4.988761719,-0.0319580767,0.0162879787,-0.0112258829,0.0412067696,0.0175379208,0.0808900361,213.49092528123987,0.04570904240829871,0.00042985610000000063,0.006992953600000004,0.00042668749999999825,0.0030572544000000076,0.007632051134398434
4.998808594,-0.0810438869,0.0120426333,0.0465740301,0.107521079,0.0178990027,0.0816090951,214.27429350326582,0.1177919680023991,0.0007190589999999941,0.007712012599999998,0.0003610819000000008,0.0034183363000000085,0.008435648250280264
5.008854492,-0.049227776,0.00905463286,-0.0233906098,0.0856108665,0.0179555499,0.0826443928,215.05156470500273,0.08920945838825652,0.001035297699999993,0.008747310299999991,5.654719999999974e-05,0.003474883500000008,0.009412239522189086
5.018901611,-0.132788322,0.000293897931,0.0321429558,0.0180427358,0.0183356894,0.0831891907,215.8212003491086,0.036861854249389044,0.0005447979000000047,0.009292108199999996,0.0003801395000000013,0.0038550230000000095,0.010060043594887462
5.028947754,0.218851571,-0.0180917662,-0.00453472463,0.0270003509,0.0184069938,0.0832955086,216.58838602082332,0.03281607350717819,0.00010631789999999974,0.009398426099999996,7.13043999999996e-05,0.003926327400000009,0.010185600620933061
5.038994385,0.213730794,-0.0337077454,-0.0039745145433333,0.0214058496,0.0176464677,0.0836136678,217.36844624436915,0.04012753746374439,0.0003181592000000011,0.009716585299999997,-0.0007605260999999988,0.0031658013000000103,0.010219311511215311
5.049040527,0.36252749,0.0205591582,-0.0034143044566666,0.257660866,0.0170398134,0.0846914019,218.1734371658895,0.25850233718224946,0.0010777341000000051,0.010794319400000002,-0.0006066543000000021,0.002559147000000008,0.011093537067897933
5.059087646,-0.0704462859,-0.0228695422,-0.00285409437,-0.0120784575,0.0183497049,0.0861695337,219.0,0.02602020274113468,0.0014781317999999904,0.012272451199999992,0.0013098915000000003,0.0038690385000000084,0.012867887059298568
